StudentID,GPA
1001,2.929195591667681
1002,3.042914833436377
1003,0.1126022544661815
1004,2.0542181397029484
1005,1.2880611817953875
1006,3.0841836144863937
1007,2.748237414891583
1008,1.360142712316461
1009,2.896819189513569
1010,3.5734742103297656
1011,2.1471716250185144
1012,1.5595945190402771
1013,1.520077814874808
1014,1.7515809583340785
1015,2.396788117124796
1016,1.3415207165346672
1017,2.232175277715976
1018,1.3844041756940335
1019,0.4695533233798704
1020,2.3957840945307
1021,2.778411299920653
1022,0.3468940367050148
1023,0.3125462305253549
1024,1.7701318767799732
1025,1.5051556220362858
1026,2.977851918315743
1027,2.948717671911921
1028,2.145204720467192
1029,2.854803928981318
1030,1.519441725815139
1031,1.727120309522409
1032,1.8475354711387904
1033,0.3846169728564877
1034,0.94940609779728
1035,1.1409594184203395
1036,0.2614722600507521
1037,0.2182848568210317
1038,1.0677635510419796
1039,3.0189058584279675
1040,1.5268678317927231
1041,1.0582873996898603
1042,2.625128097732231
1043,2.8087548220286536
1044,2.888891669272444
1045,4.0
1046,2.515300272256249
1047,2.5637654300150947
1048,1.7036118032323682
1049,2.0998851567205854
1050,2.4610469629080955
1051,2.935477191694632
1052,1.9863780592187463
1053,1.5715441913992825
1054,1.6643106896610833
1055,0.7562591665741925
1056,0.8027695392342074
1057,1.3423871779577343
1058,0.2865712882866222
1059,2.61383869367367
1060,0.9290125546259368
1061,1.892758695926592
1062,2.331261549308754
1063,2.234238472600233
1064,2.3858282190764624
1065,3.347356743507809
1066,3.2618553073332905
1067,1.0396238791477144
1068,0.0278186247324679
1069,1.3299645378768772
1070,3.283916521897384
1071,2.937454182316864
1072,0.7388682028052602
1073,2.556801662833417
1074,3.300928568970799
1075,2.200682946560561
1076,1.8558655731681932
1077,2.734401494419992
1078,2.1317372971872284
1079,0.9797699107752862
1080,0.994325023551287
1081,2.0746999767813343
1082,0.500508035804656
1083,2.532438417587673
1084,1.4633780357856976
1085,2.342836773191855
1086,1.1588463344506037
1087,1.5237487447337323
1088,0.0
1089,1.0586220144439875
1090,2.2297401841747666
1091,0.1947432807455151
1092,3.5069200713692137
1093,3.552286943350944
1094,2.23849135429023
1095,2.7084723438568763
1096,0.7329082339013866
1097,0.9654824453045304
1098,2.5552328599380942
1099,0.7443222999212357
1100,0.7220565813951911
1101,1.2712295298373406
1102,2.52614214142023
1103,0.9424153953595232
1104,1.515639098395023
1105,0.6482739267081915
1106,2.0488500821388604
1107,0.8422959992571388
1108,1.4641879236906472
1109,1.487946865169799
1110,2.587565796370635
1111,3.2208069781948727
1112,3.5451594318003106
1113,3.0895989530746477
1114,1.919956439918208
1115,2.198593184586961
1116,0.8782126167627767
1117,1.340368647512407
1118,1.8195113357139088
1119,0.6193509314675341
1120,3.619460869693516
1121,2.17490279620988
1122,2.974406014911044
1123,0.9807358437488028
1124,3.101673809015105
1125,3.4982573417733205
1126,2.590553445052984
1127,3.5350037581843186
1128,2.8199217452931866
1129,2.0165967745176614
1130,1.3711850388917164
1131,2.1047955879699045
1132,3.030439088696523
1133,3.58242187231196
1134,2.4265467060392454
1135,3.161436270258364
1136,2.122638529628868
1137,2.204860580997317
1138,1.182987500498048
1139,2.7387957163436
1140,2.2379013009826028
1141,3.139481546380388
1142,1.0460447710800969
1143,0.8164582452137992
1144,2.03354462052118
1145,2.432078522782237
1146,2.6597713195279016
1147,3.588887939765012
1148,2.3145876278110027
1149,1.00722582021403
1150,2.8816123214605245
1151,2.804504928911685
1152,1.7629211240998668
1153,1.11991126295732
1154,1.0306575057198797
1155,3.0756193536614336
1156,2.631434065124418
1157,0.5030669073279145
1158,2.784237837142815
1159,0.2476267650865634
1160,1.189548769618786
1161,3.3759940088028397
1162,1.293573556445951
1163,3.7185869042869646
1164,2.670559614819829
1165,2.369648013449619
1166,1.6244868202221543
1167,2.5374768278143587
1168,2.298417928509479
1169,2.2598041504961186
1170,1.3213433008698847
1171,0.9499742281238568
1172,0.818786616073051
1173,2.3392245127535936
1174,2.6827762879633723
1175,1.543837471085622
1176,0.1969011048236224
1177,2.748610257448085
1178,1.1048937876999445
1179,2.553439811443938
1180,3.2742334588098787
1181,3.1860603780389143
1182,1.722115750240589
1183,2.3380463575903736
1184,3.273998748434336
1185,2.993502391205279
1186,0.8963978990233954
1187,2.9610552588035977
1188,2.6743510954520984
1189,1.2178731513333656
1190,1.36559111032951
1191,1.5222748446854282
1192,2.2314023973705024
1193,2.135266354890094
1194,2.255698914963147
1195,2.751145787611705
1196,0.8976341586164038
1197,3.117354434785501
1198,1.2875951312580094
1199,0.5710530980330257
1200,0.5813557994949716
1201,1.6434624040739565
1202,1.2348440407820207
1203,2.968093619579765
1204,2.009298479722319
1205,1.146086034129592
1206,2.1923631978552875
1207,0.94573087329995
1208,0.5672500284902902
1209,0.9707643470928292
1210,1.6560601255004677
1211,2.8393132491560324
1212,0.189818059909026
1213,3.25829468502287
1214,1.9200558526588956
1215,2.0217714943693785
1216,0.1259330746249498
1217,1.2870134123902284
1218,2.591426703229313
1219,1.4633796485356
1220,1.465549386433812
1221,1.710466837709535
1222,2.288505685252231
1223,1.9609688486532324
1224,2.6216233262773407
1225,0.7683163859836675
1226,1.8064063454058108
1227,0.88186635307777
1228,0.8170682206563473
1229,1.4461325277019692
1230,3.339094362200312
1231,0.8196254779474454
1232,0.6768179731112823
1233,1.3895448744649723
1234,1.9915084140251773
1235,1.6398675504146123
1236,2.511743020605421
1237,2.9839199495864985
1238,1.25865485443205
1239,1.4179299273727557
1240,1.5970165723817666
1241,3.08869986818596
1242,1.6413414427787147
1243,2.5868706562634283
1244,2.389032645212185
1245,1.8981464002812247
1246,2.1104879749817496
1247,1.7002735894049137
1248,1.0444999950877136
1249,1.1941661337644758
1250,2.6491368281965504
1251,1.2341413889277302
1252,2.127408865912826
1253,2.913887649138132
1254,3.119393913150377
1255,1.0363787383257312
1256,2.403284547023526
1257,3.1565080639094454
1258,2.723471858740064
1259,1.5309511463109082
1260,3.468581349135728
1261,2.3020320443414053
1262,1.265677909199434
1263,1.479602227739032
1264,1.4450767191993792
1265,0.8094338103684621
1266,2.1502332699887816
1267,0.5591437155118445
1268,0.5807884851770568
1269,1.602089195984674
1270,1.0027983635819373
1271,1.6630634531990602
1272,1.5315464597195698
1273,2.205842147030335
1274,1.155338560965664
1275,2.153758339869399
1276,2.592786686317039
1277,0.9123305070955544
1278,0.6956309334599464
1279,2.139619891368985
1280,1.5504493308923313
1281,1.5475367003506038
1282,2.966548034294946
1283,1.6336793710032238
1284,2.3325403195354064
1285,3.270262309404739
1286,0.3464705925902769
1287,1.8949043363401072
1288,1.4567426010872695
1289,2.5537231512721896
1290,2.224197461212005
1291,1.8476004181084256
1292,1.849760707133483
1293,3.268794215560215
1294,2.546516637246023
1295,3.1012292205041274
1296,0.6559540779626771
1297,3.088512305616677
1298,1.992559805482
1299,2.605247445547851
1300,1.7339724542334658
1301,1.11384878785912
1302,1.6492502516618042
1303,1.3375549802098765
1304,1.9846599185571745
1305,3.060881655966949
1306,2.3928973584250004
1307,2.0837969900967988
1308,3.64573804877044
1309,0.322286081625407
1310,1.129514334361546
1311,0.6307569438666114
1312,3.157229638804093
1313,0.680087787496653
1314,0.7963598478866475
1315,2.844039214925591
1316,1.253451854215859
1317,0.534508880538856
1318,3.191046118219917
1319,2.81542127530912
1320,2.1571223032650955
1321,2.7238280604010647
1322,2.627693905554347
1323,0.9124156208354256
1324,2.609623081817451
1325,2.981992255406158
1326,1.625082773696198
1327,1.3616984178594074
1328,1.9169618961294344
1329,1.011253194616751
1330,2.3321590405051187
1331,3.387938347765993
1332,2.384690791358408
1333,2.7808169956104924
1334,0.5348357535394734
1335,2.542214348782037
1336,3.0071290674312805
1337,2.9858098143768106
1338,1.9493060573283008
1339,2.1478451963634986
1340,1.1757680252358405
1341,1.4003632540944204
1342,1.7555440233413917
1343,2.900096239205548
1344,1.0334594906901564
1345,1.907742363387151
1346,1.880909289765476
1347,2.614950353949793
1348,3.1071355935726115
1349,1.3864645615000095
1350,2.8337600718448117
1351,1.0861513973549914
1352,2.874037360035303
1353,2.8956713046591838
1354,3.1813076022771107
1355,0.4712831088434319
1356,2.2113795279733512
1357,3.375252255246081
1358,3.203858190796927
1359,3.3501791105924874
1360,1.7257915297427142
1361,2.2166038146961022
1362,2.0046273170074884
1363,0.7157420455446748
1364,3.8806400848697424
1365,1.689528158418944
1366,1.7579788035014272
1367,2.136399546240388
1368,0.911568270646688
1369,1.1378011102056016
1370,2.34926492736688
1371,0.6237474365472879
1372,0.3410294459251265
1373,2.223813666751698
1374,2.328240384630152
1375,1.6230778220088506
1376,2.200896321528595
1377,2.5841106550638626
1378,2.9965033042477023
1379,2.373993481435845
1380,2.8304044557095467
1381,2.5251155338354896
1382,1.0429816505882752
1383,2.661096903670216
1384,1.599593887728051
1385,1.7994091491725042
1386,2.6576385566960075
1387,2.998484061883098
1388,2.977408432892682
1389,1.3751641369478076
1390,1.84886644019124
1391,2.442456200129272
1392,2.8560385143532114
1393,1.206150230255099
1394,0.8959029903990774
1395,0.2731909291583428
1396,0.66750896106505
1397,1.0894406041524294
1398,2.813211008121627
1399,1.8687585897071977
1400,3.0356935955108426
1401,2.13535680128746
1402,3.038116129209991
1403,0.9941294103867458
1404,1.2325571657328191
1405,0.8644037429995793
1406,0.1152318548488273
1407,2.934586305266487
1408,2.0469388171096283
1409,3.065473133634235
1410,2.437026300114272
1411,2.427614635957672
1412,0.7771509547591905
1413,1.879575445166732
1414,1.596574874404599
1415,0.7045952434646587
1416,0.7641866973896485
1417,1.503416679305313
1418,1.5258378621561266
1419,2.2708411075244164
1420,3.402352538644452
1421,1.4382049683676248
1422,0.3365712986081556
1423,3.1122811365205387
1424,3.770694721842285
1425,1.655613322522051
1426,1.0504696915596752
1427,2.5353912836886785
1428,1.3960904942452492
1429,2.025416982399455
1430,3.2683025478531924
1431,2.017218038843316
1432,2.3976825794915584
1433,0.2878673233291232
1434,1.5487102111350304
1435,2.905242112307261
1436,0.2489771312307257
1437,3.4184098665461984
1438,0.5829208864689581
1439,0.930028645913522
1440,2.679085718058188
1441,3.1062304249844512
1442,2.781287883700032
1443,4.0
1444,2.3327839636333105
1445,3.0677183698465544
1446,0.869123386308555
1447,1.5205038773800068
1448,3.2898231421759827
1449,2.1757392926719743
1450,1.8524286908169372
1451,1.4772887703973712
1452,2.878926862568036
1453,1.0580507720986625
1454,2.572890420104166
1455,3.5877355870777485
1456,1.30141801379926
1457,3.2094931359032093
1458,2.5372306390536963
1459,1.9893957592572007
1460,3.0042333028010937
1461,1.5135167558797396
1462,2.172740551700977
1463,0.6416491686246723
1464,2.7535902317989964
1465,1.0384883524708666
1466,2.255019102931137
1467,1.666702257521599
1468,2.499459429635027
1469,0.2782154592390721
1470,2.6375942281323583
1471,3.0571217282122816
1472,1.3619328272119078
1473,3.2389317177358112
1474,2.573034385056746
1475,0.0
1476,3.143909878121016
1477,1.04646340029671
1478,2.868574228220813
1479,2.6394472915746228
1480,2.669749932596335
1481,2.794885282534225
1482,1.1865697291923056
1483,2.520175258554297
1484,1.6010784880682591
1485,0.0
1486,1.5950547587554351
1487,2.222002853095735
1488,1.6150931484836668
1489,1.6759194307143808
1490,0.2143195035843396
1491,1.5567655569083212
1492,2.154199353389932
1493,2.0706693123979414
1494,0.5672371067999946
1495,2.162688107920216
1496,1.2912304259430896
1497,2.340156389104695
1498,2.923969740063049
1499,2.1901466017791726
1500,3.0742141920071315
1501,1.009430321848957
1502,2.118500601923897
1503,2.615347947639846
1504,0.4159305071778432
1505,3.9470929642201775
1506,3.0173532270832526
1507,2.813786291054958
1508,0.7696361214560695
1509,0.8922661351679123
1510,3.666290826527483
1511,1.4015482387657991
1512,1.4233383361752172
1513,3.149644743525513
1514,2.353731151756538
1515,1.1613543513353255
1516,2.6471959858736853
1517,1.2989979848488324
1518,2.6441973683601545
1519,1.737989618721448
1520,2.0187768989965207
1521,0.7177804975968944
1522,2.2675844008883907
1523,1.2714946229661936
1524,2.6216668933929705
1525,1.228528505250038
1526,2.4953123609841468
1527,0.7017618078332725
1528,3.8649768612963977
1529,0.684651926072042
1530,1.88585022368373
1531,2.3278327626806856
1532,0.8802328124843197
1533,1.4119815069059265
1534,1.6625318303754022
1535,1.3415984768250016
1536,0.6592029163279249
1537,2.153371206457846
1538,2.4431029199121954
1539,0.2700885546341743
1540,1.316724623344178
1541,0.8177142023856205
1542,2.056945969742978
1543,3.219333348074609
1544,2.2408700600381573
1545,1.9137997969013387
1546,2.240334376463302
1547,2.254547586191716
1548,1.8913004299388907
1549,2.2062263414776675
1550,3.335098154642011
1551,2.4119864614713284
1552,2.1609785190420574
1553,1.165394363121266
1554,2.58350063639477
1555,3.017063255946228
1556,2.5761746968185832
1557,0.2333498804715068
1558,3.646516388949796
1559,2.6054252316173008
1560,3.3669295153821057
1561,1.5837802579379994
1562,0.7763967059483814
1563,0.7834866400151184
1564,2.328311711261717
1565,2.718465435794503
1566,3.2448822032661777
1567,2.8656747490202017
1568,2.326326756466653
1569,3.303066678642581
1570,2.4892182377565297
1571,2.600264186907329
1572,2.119171492034809
1573,2.522694547891483
1574,2.475854110200245
1575,0.782809234051424
1576,0.7664048694920337
1577,1.2836220775478306
1578,0.6431459327503606
1579,1.6692302172984
1580,3.282070050593753
1581,0.7437140169647167
1582,3.3250668431789085
1583,1.184519764401664
1584,1.6165360987452144
1585,1.5830839708839028
1586,0.1842514890903642
1587,0.4721810422090253
1588,1.2993555178087297
1589,2.379628283206932
1590,3.5662831299671103
1591,0.2783475708696343
1592,2.4215468827715467
1593,0.6176804235913715
1594,1.804726657837384
1595,2.635208129638253
1596,3.436025388769573
1597,2.7373779261627598
1598,1.1466960797952552
1599,2.4052675257641485
1600,1.5252820489261911
1601,2.446157080635824
1602,1.9529530122549463
1603,2.293087191388992
1604,1.4716720294797634
1605,1.106713497753671
1606,1.2058569757056352
1607,2.5590703550177483
1608,2.4576510224957078
1609,1.2267412857712765
1610,1.5904330983565391
1611,0.3106695325979863
1612,2.7718106588704914
1613,1.5826829916643974
1614,1.1055870981431069
1615,2.3002961351673665
1616,0.9918836980476614
1617,0.1651106215518772
1618,0.9893299205987556
1619,2.230253521333785
1620,1.3835280778946648
1621,2.1314052629810774
1622,1.86827692299816
1623,1.2474819436382791
1624,0.2999075475985059
1625,2.7051956947945466
1626,0.8979380920800135
1627,1.3917317913625924
1628,2.150546165993222
1629,1.448741241526555
1630,0.0
1631,3.091715028356484
1632,2.576927695452172
1633,1.9558725265628367
1634,1.8787083443226635
1635,1.6304001316060543
1636,2.372748110360667
1637,1.279370611476852
1638,0.155004788411154
1639,1.2783470336697191
1640,2.6559935659147995
1641,2.6823160526270176
1642,1.6448199394832874
1643,1.3962784383778892
1644,1.6094867987939343
1645,1.187367524649196
1646,2.0197970227132727
1647,0.2416256282208843
1648,1.2477251942052905
1649,0.8526823634027514
1650,0.9657009889491656
1651,2.423800751639832
1652,1.7419681672894356
1653,2.8459257757426046
1654,2.039564398044963
1655,1.5420637396404375
1656,0.7307796023629439
1657,0.4999877783931601
1658,1.122889381075435
1659,2.9594927281039074
1660,2.300205239575968
1661,1.35272076359225
1662,2.13406203808262
1663,1.2997943203369946
1664,0.7478339441237737
1665,0.5329232037789974
1666,2.0737697903171566
1667,1.9913793639901416
1668,1.8999595995373024
1669,2.6148839418291825
1670,1.8102707442887624
1671,1.581931480635446
1672,2.271332803302088
1673,3.363670491095614
1674,0.4812984804652508
1675,0.1999273794512188
1676,1.2680087507224682
1677,0.8825524540001173
1678,3.120136639384952
1679,1.8041546917762192
1680,0.6817036435058786
1681,2.898261817162794
1682,1.7303180027913696
1683,3.560791672128213
1684,2.528774574406828
1685,1.5923878582033109
1686,2.3741309720150148
1687,1.8104094800411437
1688,2.829826431301572
1689,3.0476020888188065
1690,3.625921730346796
1691,0.9273215453238872
1692,1.331958948764275
1693,0.7795517215186132
1694,0.8813584466312141
1695,2.398121085937693
1696,0.7588142687845363
1697,1.0288655959633797
1698,1.4444766951837589
1699,2.214067459161345
1700,2.5119180875322624
1701,2.6901498030104545
1702,1.6052743861754348
1703,2.709889487418108
1704,1.528563501341875
1705,1.7785692022870156
1706,2.1219640588635724
1707,0.4059048314284253
1708,1.123926327741214
1709,0.8703304110318186
1710,1.8228292080685773
1711,2.231182931946249
1712,0.9669677174911444
1713,1.69185894616234
1714,2.0697582058612616
1715,1.0578761267920678
1716,1.3214272070130963
1717,3.5169407207158963
1718,1.0491570024752104
1719,3.4861413290978023
1720,0.586837405483887
1721,2.3588158974550537
1722,3.152222285699565
1723,0.5878350833437533
1724,2.66889332908893
1725,0.3043720342532843
1726,0.2806703078814149
1727,0.8730911973563495
1728,2.330783482945125
1729,0.318850908518507
1730,1.7922893205354298
1731,2.573219136505813
1732,1.0844901258226167
1733,1.0866966802818123
1734,1.00411266268769
1735,2.824604892517854
1736,1.364373782117196
1737,2.6072864007904446
1738,0.5684680837933294
1739,0.5737961933285499
1740,2.258071035198048
1741,2.840092975101314
1742,1.6831172628416484
1743,1.7209071500753406
1744,1.5377839093207275
1745,2.0634635075132985
1746,1.878547509948441
1747,0.8632708590471806
1748,2.513286133011632
1749,2.7721632696203784
1750,2.8883859357893624
1751,1.3371610494936967
1752,2.3706116146947664
1753,0.8544646477713151
1754,0.3226418269944476
1755,1.834226997089304
1756,1.9900604524480008
1757,2.226983393791037
1758,2.60838689826964
1759,3.4063390822727126
1760,0.8670343739276987
1761,2.166091325158555
1762,2.4229283329107885
1763,1.509557877776469
1764,2.44385726431874
1765,2.0038283786309425
1766,2.465306489467062
1767,0.8447920018716684
1768,2.731058898448731
1769,1.736011489374202
1770,2.5896707308558047
1771,2.7423611231016096
1772,2.4959194397063627
1773,2.8534371942017955
1774,1.5913479919456928
1775,3.209673328360458
1776,3.127617865184041
1777,3.453275896757228
1778,0.8227735669667381
1779,1.2173352280449594
1780,0.7626843112270509
1781,2.145848670885439
1782,3.299131001833344
1783,1.1708122846030742
1784,1.4245956528715278
1785,2.9026593668557465
1786,0.691477418739295
1787,1.8865425000782805
1788,2.635341351261105
1789,1.5003394189345471
1790,1.2355538161189008
1791,0.604613405510861
1792,1.3881389762566787
1793,3.3005522062792574
1794,2.16864159345454
1795,2.797267479731933
1796,1.7174586153875433
1797,1.6879004923340846
1798,2.95214586347002
1799,0.9633750092514732
1800,3.3349718279859157
1801,0.4436406552124723
1802,1.955791738835412
1803,2.850351339225344
1804,2.370067422230533
1805,0.1525907792336783
1806,2.123043126970309
1807,0.9220132315429356
1808,1.42899323811113
1809,1.8934409155419147
1810,1.9395846660340497
1811,1.511276997165948
1812,0.8256041743927887
1813,1.7643543086537177
1814,1.295594900495879
1815,2.4737171780781475
1816,0.0197984850174091
1817,2.202958505711277
1818,3.0400254359810663
1819,1.0690799865648395
1820,3.9417600224442615
1821,1.48259597306949
1822,3.042275369333665
1823,2.1039665103433465
1824,1.7875223290156508
1825,1.1003818825946587
1826,0.8545582885805375
1827,1.199651387587034
1828,2.591940919144186
1829,2.28221274517396
1830,2.754877493270432
1831,1.9212686469167608
1832,1.5835564956915291
1833,1.7233856864018513
1834,2.8760550053652034
1835,1.8889919304287464
1836,1.369369967422703
1837,2.550546233695912
1838,1.943573340544709
1839,3.3104012689001965
1840,1.418938674503826
1841,2.3530546550379574
1842,1.7528862062165578
1843,0.5139629886917817
1844,3.0219548675332906
1845,1.8347494481922708
1846,2.275700147008356
1847,1.7676467845806807
1848,1.353723074286344
1849,1.0342011685600785
1850,2.758341831164698
1851,1.7899668741623316
1852,1.223973606916021
1853,2.443619105420938
1854,0.3629570027561279
1855,2.251753921949751
1856,0.9000416924553322
1857,0.6566169233161951
1858,2.186426951334845
1859,2.88313626573597
1860,2.877853697636979
1861,0.0120634896338959
1862,2.583738162772638
1863,1.1615545310949262
1864,3.301690512687678
1865,1.5051727733314488
1866,1.385696220554564
1867,2.240923948684623
1868,2.116723382234456
1869,1.0366568343647269
1870,1.6174602067259882
1871,0.8659455421420207
1872,1.320245987222631
1873,1.2597646826652291
1874,0.0815731844151463
1875,1.6896730848454322
1876,0.4604216497595421
1877,3.577043897429733
1878,2.0878721266068734
1879,3.3695843618327963
1880,0.0
1881,0.0946515916807701
1882,1.4053156279015715
1883,1.878264180025782
1884,2.871904770418778
1885,3.7079480402167513
1886,1.1748680910745393
1887,0.9954496418804064
1888,2.5287112567899213
1889,2.5968344902614566
1890,2.46060677377515
1891,0.5477807235419316
1892,1.803054426736249
1893,2.309975847769393
1894,3.0933639433242823
1895,2.615900723686996
1896,2.27691831821056
1897,1.0515315263472127
1898,2.747706159044371
1899,2.6216701040126886
1900,0.2432980938442744
1901,2.1947065208246226
1902,2.639906487707337
1903,0.8334934182533646
1904,3.402401590802249
1905,2.6162916954361832
1906,0.3397153849684515
1907,1.6977287802151977
1908,2.356856806870208
1909,0.8456248398851254
1910,2.246545273169087
1911,2.478699182829052
1912,1.3742882826190426
1913,1.3553810454285826
1914,3.060490750087925
1915,1.5569571221233611
1916,3.219531247903172
1917,1.150153548429549
1918,1.3214293024924364
1919,3.4913265883378144
1920,3.869586724204369
1921,0.1704636132529806
1922,2.197387290025697
1923,0.0211555827545139
1924,2.386799507281263
1925,1.3610312878747248
1926,3.5106808899730706
1927,1.4373707502913808
1928,1.8044174585321688
1929,3.262269864334146
1930,1.169658238097338
1931,1.4015509339508203
1932,0.5496018253589585
1933,1.5165082679194366
1934,2.0322195117185347
1935,2.289299775238682
1936,2.086687740995232
1937,1.6676669904535018
1938,2.595889050696416
1939,1.9507691766596456
1940,2.1025418985543585
1941,1.3791671997209602
1942,0.6721996800613397
1943,1.1416385674703
1944,1.6210121147431664
1945,1.1221109734183077
1946,3.402044108383005
1947,2.683854738684956
1948,2.996856278708232
1949,1.2848657108072905
1950,1.2010533026138683
1951,1.978021718438136
1952,3.836698640240594
1953,1.1799034066853449
1954,1.5400594595413652
1955,3.158858262221248
1956,1.7524968355129966
1957,3.045113482146093
1958,1.1656039458580214
1959,1.7857607910876625
1960,0.8411087173537893
1961,2.397182557625913
1962,3.576909015459067
1963,3.2251582751891634
1964,0.0
1965,2.8066977641918256
1966,3.421837670026282
1967,2.1053092787971117
1968,3.1609020911559265
1969,2.993541560404552
1970,2.490220425623977
1971,2.1308327796408117
1972,0.8384648733197381
1973,0.6767710334068527
1974,1.7359565115853166
1975,1.254572618142762
1976,1.9226882349760128
1977,2.191998419606377
1978,1.757523486205053
1979,1.9241023198927736
1980,2.8079741296204626
1981,2.138772677122642
1982,1.3638410472397342
1983,1.722726052159269
1984,1.1921084719956991
1985,1.5347823896807868
1986,0.1152432109582913
1987,1.562359564441758
1988,2.096032624938282
1989,3.009238322704304
1990,2.071108064884564
1991,1.7473564518959883
1992,1.0798673690024294
1993,2.271400211003181
1994,2.117233031215417
1995,0.7435923583787316
1996,1.892745844623002
1997,1.58646418895305
1998,3.512322894833646
1999,2.629211521173767
2000,1.836642800001118
2001,1.834359140428028
2002,1.7660559772918876
2003,3.201710217015248
2004,1.263890771933725
2005,1.4277243762746905
2006,1.0707079518820537
2007,0.8327175057955102
2008,3.1302227945215697
2009,2.537098950572448
2010,1.671076181781797
2011,0.8165506596743497
2012,1.1314027355141834
2013,0.3331542282930413
2014,1.4890630202510051
2015,1.6833300315712254
2016,1.921942133736121
2017,1.9400069221827017
2018,1.0658486732058416
2019,0.9689861311254953
2020,2.686144990139594
2021,3.520612391633881
2022,2.8159732956810704
2023,3.487510668221957
2024,3.5921289778598062
2025,1.5784416654580549
2026,1.8860081741258312
2027,2.366010872187284
2028,2.434934378846439
2029,0.3931864713624303
2030,0.7132676650608875
2031,2.574449970243328
2032,0.7005398668998437
2033,1.586289237455222
2034,2.058575292693283
2035,3.1296400506375512
2036,3.539198711532371
2037,2.05996665628182
2038,1.756035494723187
2039,2.6226010520500767
2040,0.2628611666623931
2041,1.704415088568228
2042,2.1044499314712546
2043,0.8375123196439725
2044,0.556828032953946
2045,3.3501309740346112
2046,3.279646224162432
2047,1.5563289566907113
2048,2.8463787534192235
2049,1.137899800685294
2050,1.3917877793457225
2051,2.182795221152233
2052,2.2538711785078176
2053,2.2540200372432717
2054,0.3925490106038808
2055,1.484857697467839
2056,2.672093364300088
2057,1.83151128144078
2058,0.7581829737450007
2059,2.9381754672014475
2060,3.0549241250380565
2061,0.9175822003619482
2062,3.4608846527317176
2063,1.84190774937114
2064,1.185985514478241
2065,2.4222306855709315
2066,0.9126606733812742
2067,3.073304472562818
2068,2.1672829561454443
2069,2.5538644982316425
2070,2.4486025189472542
2071,3.4632393046516823
2072,1.442868859303521
2073,0.9131278090050235
2074,0.923753224971706
2075,1.8435970826083627
2076,2.0966454405051325
2077,0.875367123899009
2078,1.4490003209615303
2079,3.0811935547787432
2080,1.118752405383704
2081,2.0622007000872045
2082,1.5629116353425707
2083,2.49283810766837
2084,1.1001720410942128
2085,2.693598515909963
2086,1.6848422066992197
2087,2.423585366966065
2088,0.4050526130408124
2089,0.6513407024247787
2090,1.7948597502988235
2091,0.9636319307546236
2092,1.9307827968987483
2093,0.9943347506957514
2094,1.3543270341452454
2095,0.7035731437813568
2096,1.523945155165538
2097,3.358694269179903
2098,1.76569517319031
2099,1.787402596174887
2100,3.154023245749205
2101,2.005144712913381
2102,1.7207596503292208
2103,3.127056224068401
2104,1.441918756451196
2105,1.6209212385063754
2106,2.1962173498725552
2107,3.1030753433789715
2108,0.473623395542819
2109,1.0438658671427483
2110,2.385530670601707
2111,0.2701103141247828
2112,0.4389817405690688
2113,1.558059855369601
2114,3.680961344427839
2115,2.1105837595046006
2116,3.29154084100464
2117,0.4277633541749704
2118,2.846487468746025
2119,1.7723554330096858
2120,0.7975176691622691
2121,3.52093145282294
2122,1.5913657381425088
2123,1.8640736524087984
2124,2.4118406224250792
2125,2.137692088152197
2126,1.073333389897043
2127,0.3124795812740794
2128,0.5022261210258885
2129,1.4903088969066125
2130,0.8765441058695893
2131,2.051919032041663
2132,3.294332437143911
2133,2.6078393525028623
2134,2.207001981395421
2135,1.629355895809393
2136,0.4937411351889655
2137,3.204313181292444
2138,2.068111784968204
2139,2.281345006080266
2140,2.4821724081876124
2141,2.622179001774681
2142,3.350591978852337
2143,0.8411757539950683
2144,2.371982914818465
2145,1.9225913490306887
2146,1.0075173084456468
2147,1.5538733401089513
2148,1.2476927957970836
2149,2.460743527113226
2150,0.9633404310113688
2151,2.083697985872881
2152,2.942198841728139
2153,3.1794507681007715
2154,2.627337296160058
2155,3.1094935788792104
2156,1.4229175121495328
2157,2.0582044841224825
2158,2.917010983412451
2159,3.1844421071087297
2160,2.6053753688041805
2161,2.346025741368296
2162,2.23946398594873
2163,1.7511633575642405
2164,2.952721567213245
2165,3.072136606487933
2166,2.809311538791001
2167,2.6440598613135307
2168,1.3974290948962047
2169,2.4400605261033226
2170,2.6268192376885877
2171,1.4684288845931317
2172,2.3806669165758354
2173,2.303453349269981
2174,1.5961281034309902
2175,1.6853891464062594
2176,1.8970003503646624
2177,3.496776544580716
2178,3.361230858272882
2179,0.8217016697705576
2180,2.6404761356980795
2181,0.8972169272385859
2182,1.674676218445066
2183,0.906353743453148
2184,2.4190289368571505
2185,2.13144706871876
2186,1.030802658909541
2187,1.5095198602197917
2188,1.7892398367181417
2189,0.5964170171485198
2190,1.4145556778225787
2191,1.242176324159397
2192,1.9347838118971947
2193,2.315769874969324
2194,1.8186125604584331
2195,2.3631214597500585
2196,2.791339403107066
2197,2.9545340837691567
2198,1.8128870432088853
2199,1.1414565556036804
2200,2.295362280360723
2201,1.6771008018764466
2202,2.7521639310365127
2203,1.201444582455696
2204,2.901185606881623
2205,2.6768273942833725
2206,2.297639912551669
2207,1.4514410214002431
2208,2.981786874282664
2209,1.4152214905212377
2210,0.9285393441441628
2211,0.984031782647104
2212,1.382935704905427
2213,1.8638998217614855
2214,1.2284288472926583
2215,2.137393264966037
2216,2.434532444006976
2217,2.2564883117007817
2218,2.6891551121146304
2219,3.1312358848124213
2220,3.7702839726154447
2221,0.7995911976901089
2222,2.964668230929299
2223,0.7027603188634381
2224,1.1936177713396423
2225,0.2999519061623816
2226,3.299578873421429
2227,0.2123670952038988
2228,3.526125037802421
2229,1.6117379539626009
2230,3.343050864114286
2231,0.0264686610642805
2232,1.636403110402885
2233,1.7097013783889978
2234,1.4851118281074416
2235,2.9994091469264443
2236,3.515415829646008
2237,2.91813912755296
2238,1.3622335993641654
2239,0.205067960146301
2240,2.2332394663089845
2241,3.159302938456266
2242,1.994611703201556
2243,0.9990885438974272
2244,0.5219557256642748
2245,3.463687549123432
2246,1.9879647265294176
2247,1.6819048043902567
2248,0.1126350589951871
2249,1.9079839135479155
2250,1.1979333311054492
2251,3.2152726848869184
2252,2.190269258704484
2253,1.1509661314441684
2254,0.6901513450987352
2255,1.5199552920755757
2256,3.168988610106379
2257,1.8081645587687407
2258,1.1158787303056936
2259,2.0033079798237297
2260,0.8897149150878433
2261,3.984673602658726
2262,2.3254340649162404
2263,0.6133163315649763
2264,2.71222974268319
2265,2.096616211446693
2266,1.183063850341623
2267,0.5601746057023475
2268,1.1674254127713368
2269,0.9231815615047178
2270,3.84128624851289
2271,1.212880751488374
2272,0.9621492198905311
2273,2.5020091336326127
2274,2.4562237944460525
2275,2.646556960552807
2276,0.3817684951501578
2277,2.396139095071558
2278,2.595648862597705
2279,4.0
2280,1.4195226349555488
2281,3.432684708354722
2282,0.1293067518875465
2283,2.9289482377250686
2284,0.9471334632498166
2285,2.9995441039151167
2286,3.055386295398076
2287,0.0
2288,2.745858798383193
2289,3.214628425697648
2290,3.4154133242434344
2291,1.4693892718306072
2292,1.5521129376507927
2293,3.548459826086951
2294,0.192625111740147
2295,1.3489974202990602
2296,2.1431050688591977
2297,2.4713865329338423
2298,3.205425334412305
2299,0.4541144380742554
2300,2.809833207494068
2301,2.997505608420635
2302,1.1761890337144745
2303,1.6689245457866109
2304,1.6230040750090506
2305,0.5177931283748711
2306,1.9461006983336528
2307,2.815003047977988
2308,1.24818256681425
2309,2.759014343384976
2310,1.9212942080249984
2311,2.732290675858265
2312,2.2286086189122747
2313,2.611688472593835
2314,2.197776727185656
2315,3.3355067927178226
2316,1.7215979626358573
2317,3.2879731984208025
2318,2.561964556788972
2319,2.3585718660404216
2320,1.497673654260138
2321,3.5172371287357262
2322,2.404089819888117
2323,2.5172289818586204
2324,2.4352442824022056
2325,1.283227506286419
2326,1.099434304470497
2327,2.1911967950430395
2328,1.584478764070205
2329,0.4757308333876264
2330,1.2072685461345751
2331,0.264924162952827
2332,2.706659620286692
2333,1.5304278892477712
2334,3.1274525275923986
2335,1.003614145687202
2336,3.3692186048208828
2337,2.79138610847234
2338,0.6735259456903064
2339,0.3375541414467983
2340,0.886889415770466
2341,1.5066627733506968
2342,1.7051993889190245
2343,1.972791413902718
2344,2.626082828753646
2345,1.671968652950504
2346,3.0937609252908795
2347,1.6433737595842497
2348,0.3392066993150443
2349,1.9263590676627524
2350,0.4499062079461153
2351,0.7095708392685087
2352,1.748279682449194
2353,0.9721682581321198
2354,1.934935784062694
2355,0.6903478839140333
2356,0.7303661593128756
2357,0.6822651648416035
2358,3.0234824828446896
2359,3.729652301008408
2360,0.8419632253726905
2361,2.584174278596964
2362,3.3721260428259656
2363,3.060805402033993
2364,1.1680520002406818
2365,1.3492561219436314
2366,1.1179648263826585
2367,2.578667734306398
2368,1.6255519548363606
2369,0.9340163958011902
2370,2.702638340113748
2371,2.964009263152522
2372,2.267458131705519
2373,1.7536230683511045
2374,2.0232340815930123
2375,1.6780125322160857
2376,3.659836405312248
2377,1.3627443691586447
2378,2.8138057680897126
2379,1.3027119835441363
2380,3.3839114785072537
2381,1.3787513079619265
2382,0.731486867136845
2383,0.4005694786322673
2384,1.7290731666537256
2385,2.615653764886057
2386,2.9869427371126283
2387,2.1269889706667486
2388,2.7081110403183013
2389,0.8157773688726507
2390,2.5244238950940066
2391,0.9082386041357368
2392,3.0556902074734404
2393,0.8379468984553826
2394,2.833576110778921
2395,0.7852135676838187
2396,1.8856147854844247
2397,2.7012305082850903
2398,1.5219159011875882
2399,1.879725986688092
2400,2.0373480173849385
2401,2.520673675043246
2402,0.1361659080098038
2403,1.9746552454467765
2404,2.194980371913127
2405,1.7179959243485303
2406,2.510328721169093
2407,2.4349505569398877
2408,1.3550534623962087
2409,1.5452551045196994
2410,1.6190305128354965
2411,2.020741651591236
2412,0.983576997394541
2413,2.0624682672770884
2414,2.644194209070477
2415,1.3478638291935137
2416,3.055253981943473
2417,2.513692714891721
2418,2.3403719144352
2419,1.5820932661745084
2420,3.5655241629362697
2421,1.6014725497408242
2422,2.637266428600202
2423,0.9052099482554694
2424,1.5767564705892163
2425,1.785051807919565
2426,1.8800650933404628
2427,2.5552231050706653
2428,1.574306088258861
2429,1.8138466222839496
2430,2.5844682625115074
2431,0.5297986094952745
2432,0.7146512864203396
2433,2.737474165505196
2434,1.2705295622953123
2435,0.7508880429586313
2436,3.75263935309428
2437,1.1622578007219209
2438,1.8714659014427095
2439,1.074937388775604
2440,1.3127724135140753
2441,1.7028816752194542
2442,0.5403751565523403
2443,0.3418223884177119
2444,0.2697208620534843
2445,2.504167767054588
2446,0.5303581886716461
2447,0.820105530138668
2448,3.408489770633043
2449,1.3503298063610123
2450,2.029736582447598
2451,1.7745311027993365
2452,1.9919099489857044
2453,0.7540357233429884
2454,1.4913821292254057
2455,2.1573918332612245
2456,3.107348400568035
2457,1.9995718607021808
2458,1.363340948163794
2459,1.3068680389383789
2460,0.5885556231650223
2461,0.6819561389075344
2462,2.81858182437894
2463,0.7446928333756786
2464,0.7251929462817994
2465,2.9268204402631444
2466,0.5522575734248654
2467,1.298729106820987
2468,1.1867378284984922
2469,3.3327885878934707
2470,1.4890670205298442
2471,3.30737811355316
2472,1.6109406825598966
2473,2.057378500596372
2474,1.673711404485327
2475,0.4906300621749082
2476,2.2316569717750228
2477,2.259451153743707
2478,3.454462459935305
2479,2.158610170146598
2480,2.747908442514612
2481,3.323902960329112
2482,0.9097635331410971
2483,1.1678958000789352
2484,1.2204179764419896
2485,2.3345256438757365
2486,2.8447322620424904
2487,0.9722477384320642
2488,0.8563970426697209
2489,0.9526750330525334
2490,3.235302580709104
2491,2.533432395797906
2492,2.772388536783242
2493,0.9467679046532856
2494,1.3154643711031746
2495,3.31820802902305
2496,2.3311089198970865
2497,2.905973097807374
2498,3.344575197988929
2499,2.1681789248414423
2500,0.211194222791904
2501,0.0
2502,0.8939860125136853
2503,1.8307932453900515
2504,2.465117413971901
2505,2.6505223435766907
2506,3.161961511352394
2507,2.905702974207415
2508,3.7326847011603697
2509,2.109686328016939
2510,2.546634577748015
2511,2.1156039687255843
2512,0.4837893904323065
2513,0.0
2514,1.811155480929165
2515,2.6741625507699083
2516,3.102745561433283
2517,2.432896398351312
2518,0.591872335776283
2519,1.4197989848171118
2520,1.3649825214589588
2521,3.524855822624972
2522,3.0562181766199736
2523,2.5706824923097638
2524,2.134832886078039
2525,2.3019321078440558
2526,3.354368116289429
2527,2.252575524405779
2528,2.059778342061027
2529,2.705024407226965
2530,1.8208437343058652
2531,3.2609504905530398
2532,0.741527556169066
2533,2.943750197817776
2534,0.4474828563605549
2535,1.844059263528674
2536,1.899197563198893
2537,3.3788457271666
2538,1.666640097790168
2539,3.309453585183811
2540,2.7618237513851387
2541,2.042537978504808
2542,1.4874769372990635
2543,2.8739722821184617
2544,2.0159494650624468
2545,1.07029676373108
2546,2.605399264020907
2547,3.3633891187265865
2548,2.12509059499954
2549,1.0506689803906937
2550,1.580050523836055
2551,1.3970629516250068
2552,1.1657871621526066
2553,0.9620724862919864
2554,2.310235179366311
2555,0.9357793408847956
2556,2.9380028297730134
2557,2.7671513375162338
2558,3.026983310961493
2559,1.5364194793970165
2560,2.495379496847872
2561,1.6155716602528696
2562,2.2103713279948844
2563,1.7980154436118352
2564,1.5662885180613493
2565,2.921386757069629
2566,2.519724822511747
2567,1.4892073187626624
2568,1.6636371244012207
2569,0.7737842057946157
2570,0.8916240459711724
2571,2.215087048853621
2572,0.6515150205017294
2573,0.9740174167472984
2574,0.3413935419913523
2575,2.773483878750202
2576,2.4978773036357613
2577,2.0764437464311585
2578,0.7734276360335333
2579,0.9881530769380218
2580,1.3775728397779787
2581,0.4765977404918081
2582,1.8362421367971535
2583,2.9240321151586275
2584,2.2887682028383933
2585,0.8221078891229036
2586,1.46754910281344
2587,0.654489820899693
2588,1.8262650784023136
2589,2.167614891739184
2590,1.8125810860736853
2591,3.0101355275332478
2592,2.1366532091173225
2593,2.2968145205845465
2594,1.4996666752012844
2595,2.527606693940515
2596,1.378777261955536
2597,2.4619770683944515
2598,2.142708088226998
2599,3.4785197150728098
2600,1.1359698905964322
2601,3.315632432715557
2602,0.9452990404344148
2603,3.360097709606442
2604,3.58344760514376
2605,2.268905391743987
2606,3.3946498667267635
2607,0.4239919484053893
2608,0.8359897662567951
2609,1.2860837347449834
2610,2.131780853915055
2611,3.308664019789773
2612,0.9587762981739752
2613,2.539771016481107
2614,3.012897486759207
2615,3.167455277075199
2616,1.9045159017519453
2617,3.033291953501386
2618,3.4577117259752934
2619,2.4503354431504625
2620,1.164702428020536
2621,0.8270829163865822
2622,2.3983144793001743
2623,0.0
2624,2.7577979305655766
2625,0.3478369759058787
2626,1.676727436835331
2627,0.5742779997538898
2628,3.103994380105366
2629,2.8020738343659453
2630,2.1275892967469687
2631,2.688349836315715
2632,2.7837652099236254
2633,3.133768038538137
2634,2.618699894953416
2635,0.7716774917459892
2636,2.2748420474669957
2637,1.53961940600191
2638,1.128068364082897
2639,1.5956273665141478
2640,3.138498873000767
2641,0.7988865726422566
2642,2.9728834414945147
2643,1.556218796080208
2644,1.8526717410372364
2645,0.9749683449255788
2646,1.391431871322012
2647,0.2364972221748906
2648,2.629933233823926
2649,0.5296032590122841
2650,2.3191191467631675
2651,2.759021764954944
2652,2.09606565162715
2653,0.745518983001618
2654,1.7946671055341392
2655,0.7012637128402552
2656,2.45790140704778
2657,0.4291372796949342
2658,3.0168978681026624
2659,3.618272712167226
2660,0.4258137609932144
2661,2.735960967147571
2662,0.2234305089365645
2663,1.0117467565808471
2664,2.573440474302304
2665,0.2001455273690356
2666,0.8026478062416247
2667,0.539645751276114
2668,2.481595433779514
2669,1.6338115616970532
2670,2.401469995162927
2671,1.2658914451513914
2672,1.2662863438742906
2673,1.6224646303185568
2674,1.8582963066751943
2675,0.6404398092314469
2676,1.3978971899557189
2677,1.4291805817178274
2678,2.9346921024221517
2679,0.632826221112053
2680,2.5653473181422046
2681,0.3979893966925436
2682,2.0645643026074056
2683,3.121119482369849
2684,1.920609662813219
2685,2.3299096451911727
2686,1.2720101075733885
2687,1.06642462275961
2688,2.905384065736881
2689,2.567031802833057
2690,1.6943843846574218
2691,2.801388938876275
2692,1.813628891214413
2693,3.3432781941994127
2694,2.184691612286099
2695,3.4922119973943024
2696,1.8136795536240535
2697,2.7725493723030685
2698,2.4400060965135784
2699,2.8684641563014504
2700,0.5166315139842032
2701,2.8914784699994827
2702,0.7109569819873364
2703,0.4244328946229094
2704,2.248337588471201
2705,2.7154909355151484
2706,4.0
2707,2.676389709344022
2708,1.8547004421395887
2709,3.5485205508668662
2710,1.9523336493468064
2711,1.84964338845104
2712,0.8752010880422385
2713,1.7935557295101183
2714,1.8556669117535305
2715,0.5511396527389846
2716,1.580398635704129
2717,1.8741577780119305
2718,0.5152393995715008
2719,1.331229485851261
2720,1.621772736089614
2721,0.384375395876116
2722,1.3635615499322744
2723,1.479668777301296
2724,1.5812038761627714
2725,0.0
2726,1.886578592822845
2727,0.863545351686935
2728,1.4887052948653967
2729,1.4729004934270762
2730,1.3440857175872982
2731,1.364736910668082
2732,3.8302053754229743
2733,1.597365745031795
2734,3.320316974439931
2735,0.6487053948776081
2736,1.0182646498699195
2737,2.440769899927139
2738,3.1525193708574304
2739,0.2170420107058955
2740,1.8116223809515477
2741,2.777966932491008
2742,1.223828264622006
2743,1.101939932271634
2744,2.060172050067505
2745,2.5244226584154354
2746,1.9665140417865183
2747,2.8415190017676264
2748,2.200020267296471
2749,0.9252693613945324
2750,1.8425841347566336
2751,2.6696408286087285
2752,1.3276664298868446
2753,0.7547506714781123
2754,1.845656783786327
2755,1.537989779203268
2756,1.58092662695241
2757,2.883799714630056
2758,3.054990810980984
2759,0.3280857038991219
2760,0.6115693055183088
2761,1.5674124377048069
2762,1.2197472447014093
2763,3.0213988805197203
2764,2.262147696008476
2765,1.4550854526151875
2766,2.448840530622927
2767,1.2800415789704742
2768,1.0433801278881183
2769,1.035181530409912
2770,1.5730510214028783
2771,2.898151345753362
2772,1.8209201086118587
2773,0.7287945170807484
2774,0.9023572553597988
2775,2.421061773387504
2776,1.2212994205081906
2777,1.9961073864422316
2778,0.622706295394981
2779,2.902602512683793
2780,1.3486070016063347
2781,1.35114105198072
2782,2.7455540828498277
2783,2.993214464144568
2784,1.5892697074168551
2785,1.653099762097065
2786,2.136285525349759
2787,0.7370487522929228
2788,0.3527519592274268
2789,0.6901567908276482
2790,0.9430459197705604
2791,1.8819787410279116
2792,2.474039536809681
2793,2.5077426742068285
2794,1.563591912280606
2795,2.4556437547462835
2796,2.7366048752761047
2797,3.2620199899463747
2798,2.28387095613807
2799,1.1544100089135072
2800,2.7890998282690926
2801,1.5386892509239083
2802,3.0560700900603366
2803,0.7408967018564105
2804,2.499681179530751
2805,0.8952499802854423
2806,0.7742848136453381
2807,3.01480253360998
2808,1.821442173929074
2809,2.543009095435074
2810,0.645454380244234
2811,2.631367841368872
2812,2.7124204664131986
2813,2.672755461068081
2814,1.7148117851610198
2815,0.2109791787447653
2816,1.859071573097468
2817,2.672866707350141
2818,2.7192011567406125
2819,0.7369928855488138
2820,2.295213477500577
2821,0.84069094147179
2822,2.131628504443662
2823,0.9922965742511932
2824,1.451872243083537
2825,2.860396826235563
2826,1.1825650544782942
2827,0.1306542378736745
2828,3.3627162150851144
2829,2.251847104187132
2830,1.6884763841942343
2831,1.8154017176022967
2832,1.4948695594196215
2833,0.0
2834,1.5717864335294334
2835,2.2346855491679
2836,0.5086565007104289
2837,0.7016799102374711
2838,1.817789572439356
2839,2.3375584621180696
2840,1.763324115898465
2841,1.580149839040757
2842,1.513660412883276
2843,0.5468398683049477
2844,3.112170722339197
2845,0.3075940597283189
2846,2.228511429722963
2847,2.5064154144606747
2848,1.9775380444250972
2849,2.340811012860678
2850,1.261128239702075
2851,1.783001895562732
2852,1.501240091930044
2853,2.2392539847060284
2854,3.823801327886915
2855,0.895261805081618
2856,3.5326403833692965
2857,1.022641733675116
2858,1.960538709128941
2859,2.7454918014149503
2860,1.554112898573
2861,0.7068253462731773
2862,2.823600084682192
2863,1.2934088269809283
2864,2.126276926186896
2865,1.112671201191301
2866,1.2615877089185958
2867,1.0784851348128086
2868,0.6754583905284621
2869,0.6854728696794552
2870,1.020926365102642
2871,3.427620857629511
2872,3.2485727923536656
2873,2.278951504956563
2874,0.8330790224853892
2875,0.8570927943521445
2876,1.744497662766337
2877,2.806877505411242
2878,3.490543307137981
2879,0.6939648518623458
2880,2.16155873707839
2881,1.8933444720314547
2882,2.882958070804152
2883,3.270373860776488
2884,1.027015599936749
2885,2.48966890236666
2886,1.7087987708583718
2887,2.324093256836654
2888,2.1974911457392072
2889,2.500113299959695
2890,1.0500058515104695
2891,2.438440919001191
2892,1.9146018444641888
2893,1.6278371303258028
2894,1.069524152365119
2895,2.369652312774279
2896,2.9747406949660418
2897,0.3578088919508027
2898,1.9225514899197131
2899,0.33096690773874
2900,3.219685483262613
2901,3.9514599508156745
2902,2.7952105534902603
2903,3.5617432680571097
2904,1.36108822691039
2905,0.7389589820946485
2906,2.3207725437642064
2907,2.837891417954615
2908,0.8273394905182188
2909,0.8758837048232606
2910,1.4679683162543722
2911,2.122102757166825
2912,2.4818134094533937
2913,2.876083672610056
2914,1.6626921985519796
2915,2.9640587263043403
2916,2.03217846252961
2917,3.207819245384204
2918,2.553484846074773
2919,3.128858646003016
2920,4.0
2921,1.357062701404827
2922,0.6848879979871082
2923,2.2346962873244927
2924,1.953200561311372
2925,2.4709240029839887
2926,2.512488758731327
2927,2.0972515782565893
2928,1.3451314633822888
2929,2.241727972459657
2930,2.637348954652655
2931,0.2861100389415956
2932,2.0845477071034386
2933,2.7778858935835875
2934,0.4841831958032389
2935,2.875735286006944
2936,3.4713372144944583
2937,1.3180744589421032
2938,2.715908932047662
2939,3.4745618447603603
2940,0.9349429908719434
2941,0.5185224297099189
2942,2.726094628858152
2943,3.099064650031246
2944,2.0735452919667288
2945,1.983133992222757
2946,0.7662736791529805
2947,0.6361329335031771
2948,1.1480334125866043
2949,1.7504046795082222
2950,2.8211081074612654
2951,3.240512073968693
2952,0.7058616313604631
2953,2.9127221778502177
2954,2.894723042268489
2955,1.777279849146076
2956,2.4571875145361584
2957,1.9390765371477845
2958,2.291686152272234
2959,0.5847407288696445
2960,2.905466160345195
2961,1.7389421343230629
2962,1.6698070522329402
2963,1.6482889223547217
2964,2.7103913101189026
2965,1.956169125963332
2966,0.6729361977994386
2967,2.607172929225517
2968,1.5660204997024247
2969,2.197394591639808
2970,2.332971816562523
2971,1.773293697386631
2972,1.1496496267546503
2973,0.8409854510198023
2974,1.5635740338353443
2975,0.8707134779286393
2976,0.61316598823277
2977,2.5723917087049197
2978,2.30759662333527
2979,2.3180465210933434
2980,2.31055728577378
2981,1.5858200366928563
2982,1.6306137401298542
2983,1.558632200330993
2984,0.6835053013860497
2985,0.9709123787681464
2986,3.3446266750887066
2987,1.8859166518517383
2988,1.4699645571762952
2989,1.436375445405192
2990,3.399542858486649
2991,3.5635357914562173
2992,2.0744387503601613
2993,2.5040052870066454
2994,0.9669488067667787
2995,2.6910442047353333
2996,0.8647850838512876
2997,1.993952452575168
2998,1.2001797196357924
2999,2.195712898261988
3000,1.9012665239921251
3001,0.8399765237396326
3002,1.3620437691526197
3003,0.8507438645015205
3004,1.0033653059742336
3005,1.3905396980299167
3006,2.4399813258092324
3007,1.2433117162791911
3008,1.9648466563741724
3009,2.6882293307172063
3010,2.7397016672595758
3011,2.496121936033516
3012,2.968807133269986
3013,2.215944169222752
3014,3.5037432645192648
3015,3.3847294719580105
3016,1.417604009607429
3017,1.139337063496313
3018,0.7695898642280781
3019,2.34844345354412
3020,0.3218314296846537
3021,1.1241371864897378
3022,2.7170969538329475
3023,2.6565407804958623
3024,1.5277480662258427
3025,2.735672949043832
3026,3.748102280530043
3027,1.7062124885863237
3028,0.9590415228646012
3029,4.0
3030,1.8589248556209292
3031,1.0007755569217258
3032,2.413651872584266
3033,1.1721916329362534
3034,0.2759351000710758
3035,1.907640379807341
3036,2.018579782190191
3037,0.9157121795938512
3038,3.12911663958354
3039,1.945989188418632
3040,1.510058697488437
3041,0.1530318116508149
3042,1.7119846768416216
3043,1.419977098603833
3044,2.438731252650425
3045,0.3167559737315224
3046,3.5433159148930136
3047,3.1252696624964185
3048,0.6550115881417289
3049,3.5116138627312408
3050,2.8625628192347974
3051,1.1162284613450342
3052,3.2011819553323124
3053,0.1005921480894177
3054,3.017133682391308
3055,2.220548508939325
3056,1.1110684623439582
3057,0.9918923912020086
3058,1.175347658120809
3059,2.2925396421337085
3060,2.2942213571902887
3061,0.3699206268971446
3062,0.6657412071192984
3063,0.7289188138326557
3064,1.010198033751084
3065,1.8298105464885008
3066,0.940947219838506
3067,1.1528666911541523
3068,3.030196982539537
3069,1.7570919535414902
3070,1.966123442653016
3071,1.301643735879369
3072,3.772896608478868
3073,1.922165909079572
3074,1.789036775909554
3075,0.6329881184701
3076,2.8504352924310816
3077,2.684821286526617
3078,1.899340250146643
3079,2.454306701864281
3080,1.2083322825671698
3081,1.5269160461968396
3082,2.6867167544354524
3083,1.1307853592581485
3084,0.7411030550092116
3085,2.8934002946535644
3086,1.3763806884640657
3087,1.935602560783459
3088,1.0583113523259429
3089,1.230428755834961
3090,0.1470688699977313
3091,1.1696905137872946
3092,1.016215042238629
3093,2.5210277348652257
3094,2.027841922241568
3095,2.670947554324345
3096,2.8728793655039597
3097,1.0296486453677298
3098,1.757497312769606
3099,1.895283343248585
3100,2.035367286041147
3101,2.053147894166025
3102,2.329719254270638
3103,1.7562115530004156
3104,2.827342954327372
3105,0.6937125121602848
3106,2.953961921722677
3107,0.9894684413187074
3108,2.1370681063433614
3109,3.03210533252155
3110,2.804363175110951
3111,0.6128025023431376
3112,2.202232939648992
3113,1.4102620381944773
3114,1.4414095429135232
3115,1.2335870210314048
3116,2.7905751470187807
3117,0.3785436345391653
3118,2.1728123218250155
3119,2.3916876827143443
3120,1.7831074672235316
3121,1.7859269858399722
3122,1.2687721230682183
3123,1.4868656515688805
3124,1.0619359966520148
3125,0.0
3126,2.1516179803357813
3127,3.5974890937641693
3128,3.812757187598897
3129,1.1767815056705988
3130,1.948327515860377
3131,1.8080971980423568
3132,3.222140089605496
3133,0.8092601434109807
3134,1.2945928801079334
3135,1.0777476837996005
3136,2.920181898407056
3137,0.7961429158962126
3138,1.446052351501112
3139,0.9401842567137784
3140,1.7820606670994417
3141,1.1058998695955586
3142,2.81347034515229
3143,1.65178667236737
3144,3.603507572240497
3145,1.5269602894052965
3146,3.4590447338738057
3147,3.3339700023673537
3148,1.7181817231817458
3149,3.1832324893858304
3150,0.9966476630212407
3151,2.525086321570887
3152,0.512852046329121
3153,2.864498066852598
3154,1.733364046560005
3155,2.9868916209305363
3156,2.565368052695248
3157,3.1391893048250425
3158,3.636416567860032
3159,1.467442366638756
3160,1.7995311493172337
3161,3.1831261171881216
3162,1.441964197006561
3163,1.8815889866263615
3164,3.1326292974173744
3165,0.8142853492286524
3166,2.4777903742896354
3167,2.9713320163258232
3168,2.071972431377945
3169,1.6356867327778124
3170,0.9062765162662464
3171,0.8090678531539729
3172,1.6838320257206556
3173,3.138784394067383
3174,1.798950340087624
3175,1.687307435197655
3176,0.9030855768578068
3177,3.137624350847544
3178,3.189217169770364
3179,1.795369078193629
3180,2.435958199527401
3181,1.6884896091579062
3182,1.8440563794665372
3183,1.3055845144947993
3184,3.545153035874012
3185,2.17234554236808
3186,0.3751478505639292
3187,1.5578704926030598
3188,2.185710840310208
3189,2.4598046717382283
3190,0.4275685065973586
3191,0.8719991150294315
3192,3.2229374986891246
3193,0.8181261027428247
3194,0.6189366143827062
3195,1.1746095143108737
3196,2.8005690841335875
3197,2.995458295719109
3198,3.353659743298607
3199,2.7326611971495227
3200,2.555667542727533
3201,2.378050042081803
3202,2.0607924590958486
3203,3.1152505558547765
3204,3.453790618896306
3205,0.0
3206,1.0281836891510068
3207,1.989455195588546
3208,1.6720340583678444
3209,0.8762666604767739
3210,0.8597452884552536
3211,1.970600159244711
3212,2.268850734169383
3213,1.11944101772116
3214,2.370893096932428
3215,1.499701931968684
3216,1.8790984603853385
3217,1.699348106354839
3218,3.3675911599478865
3219,1.2878189977208636
3220,0.0
3221,0.5764027197831978
3222,1.9922988471433196
3223,3.043931624402609
3224,1.756186167808898
3225,3.2537859623175915
3226,1.0933875706255465
3227,0.763471998256058
3228,2.2973555861936927
3229,1.6511561293797232
3230,2.827614868021281
3231,2.0557722559036584
3232,0.7697406121390962
3233,2.635693450834733
3234,1.9337798086138684
3235,2.7157532703177374
3236,1.325172784257977
3237,1.2450911401798577
3238,1.3339741028791137
3239,2.622327676479096
3240,2.407284043136154
3241,2.266160309674473
3242,1.7609996788469535
3243,0.8130174224118295
3244,2.19241453410119
3245,3.211743755038164
3246,1.2782356660108654
3247,0.9238316977083888
3248,1.3250390169983148
3249,1.6094102771441563
3250,1.2628487317952892
3251,2.2435930907680928
3252,1.5576879646413533
3253,1.1625740735001573
3254,1.6806611823420308
3255,1.599424076132399
3256,1.2738181762310288
3257,2.210289203345338
3258,1.0085719028530793
3259,0.968725634893168
3260,2.681277359272072
3261,2.4013738525578114
3262,2.376854346050859
3263,1.94767693624079
3264,1.7797561259491266
3265,0.5575488870769554
3266,2.79540580881386
3267,1.5147637597128956
3268,3.040729612939948
3269,3.208461746184048
3270,0.621119927824666
3271,2.7996697335356093
3272,1.3023928842500831
3273,3.482452519043289
3274,1.2523485891697117
3275,1.16974580305184
3276,2.2847914471212656
3277,1.021019253339771
3278,2.8973550040674096
3279,3.2759034528026745
3280,2.430091199210449
3281,3.228448079477929
3282,0.2145700909687167
3283,2.024030375549312
3284,3.03416743887847
3285,1.6998253090682822
3286,2.0956481907808397
3287,0.5242135665585334
3288,1.3026414038177534
3289,2.1371244106086893
3290,2.4222760935888
3291,2.569614181305555
3292,2.70295861751592
3293,2.3116704996467785
3294,3.384992088760673
3295,0.3907558869817938
3296,3.597766084455523
3297,2.275665113075239
3298,2.710576700770992
3299,2.5559753763709523
3300,1.027727966185627
3301,2.0956913654305778
3302,2.380839869039285
3303,0.66207873669096
3304,1.9965131156897773
3305,2.1398641508658107
3306,1.361434707190739
3307,0.4958590410264636
3308,1.28766735664722
3309,2.6650755516566824
3310,0.954787542101481
3311,0.0
3312,2.3169599744650875
3313,0.6743629436081446
3314,2.53663378226987
3315,2.3433313526833226
3316,2.2404508383745223
3317,3.0526409582889382
3318,0.9538406849215224
3319,2.596111264562239
3320,4.0
3321,1.0823899503415932
3322,0.5282255514744685
3323,1.4627462917493628
3324,2.006721725237717
3325,0.4733008709069619
3326,2.3780489451557907
3327,3.546432808712968
3328,2.288466675256948
3329,1.3399355086329854
3330,0.8131476267952477
3331,1.5561060712293842
3332,3.262922354666704
3333,2.179357068500431
3334,2.220050546998637
3335,2.226513595090375
3336,1.5656478476708735
3337,2.0787778990811447
3338,1.5624112622115092
3339,3.5729453198762804
3340,2.073033167181521
3341,1.2889376961826329
3342,2.5474496063949026
3343,2.037768574636005
3344,2.915898132959834
3345,2.799063885002723
3346,3.2501100112534
3347,1.8233231026458456
3348,2.992912336093737
3349,2.6317363035461985
3350,0.9326697393710618
3351,0.8722095356275656
3352,2.4515024403351484
3353,3.4959497421090022
3354,1.0888824821778935
3355,3.9794209177543953
3356,1.521013489971915
3357,0.7662574469888989
3358,2.471395779180272
3359,3.286585133610396
3360,2.121473442487156
3361,1.3476334931151803
3362,2.4629431182407853
3363,1.0410289006678957
3364,2.669979035304761
3365,2.735041610764964
3366,2.742091793566248
3367,0.9842942952193188
3368,1.4547228982036302
3369,3.1585923238952263
3370,1.0674108498772592
3371,0.5694198849254213
3372,1.934761727404891
3373,1.8491038760645369
3374,0.825019641346986
3375,2.913898458953871
3376,1.1645391660958937
3377,2.928219390714798
3378,2.6523548127186087
3379,0.7093533742145925
3380,2.5094912303073182
3381,1.979379413769687
3382,2.956254523615616
3383,1.1919290455522094
3384,1.810037822647263
3385,2.539112848520151
3386,1.3956306751141432
3387,2.000084011141924
3388,3.4555094110343934
3389,3.279149727025028
3390,1.142332879526157
3391,1.8032967626292096
3392,2.1400138778043982
