StudentID,StudyTimeWeekly,Tutoring
1001,19.833722807854716,1
1002,15.40875605584674,0
1003,4.21056976881226,0
1004,10.028829473958217,0
1005,4.6724952729713305,1
1006,8.191218545250186,0
1007,15.601680474699297,0
1008,15.424496305808074,1
1009,4.562007558047703,0
1010,18.4444663630972,0
1011,11.851363655296536,0
1012,7.59848581924029,0
1013,10.038711615617212,0
1014,12.101425068754876,0
1015,11.197810636915708,1
1016,9.728100710723565,1
1017,10.098656081788002,0
1018,3.5282382085577235,1
1019,16.25465808609359,0
1020,10.835206398820308,0
1021,2.621597234094062,0
1022,15.32314203165556,0
1023,18.648879567547016,1
1024,18.94613798473924,0
1025,7.380354648223455,0
1026,2.7103374712150807,0
1027,10.367992532661304,0
1028,2.2521845869844137,0
1029,18.679748370252344,0
1030,3.67159254710292,0
1031,5.055317199023282,1
1032,8.132730537699409,0
1033,7.663289371182516,0
1034,15.89325784795778,0
1035,9.126336411019247,1
1036,3.415365200066738,0
1037,5.344197909721482,1
1038,10.18226770375044,1
1039,2.949078348522698,1
1040,12.233113512920282,1
1041,11.314946131022918,1
1042,14.294046327645152,0
1043,18.754092307587356,1
1044,18.245091222023117,0
1045,18.921512361376628,1
1046,4.894311940474019,0
1047,2.6313061327870924,0
1048,6.04553400992897,0
1049,17.90170345532629,0
1050,19.441069492469765,0
1051,17.18649902140952,0
1052,2.200354422550872,1
1053,18.948559961195865,0
1054,8.46716054701572,0
1055,0.1862058152470735,1
1056,8.847874814963872,0
1057,0.9213833935093518,0
1058,10.87755842322235,0
1059,6.771080548741026,1
1060,9.468698671880976,0
1061,12.26340721486234,0
1062,17.376021916356407,0
1063,13.238031529438572,0
1064,8.680977369563614,0
1065,16.388557073407302,1
1066,18.111642751462643,1
1067,2.3951993286439444,0
1068,10.638659551055827,0
1069,5.690239194848883,1
1070,0.941223957538948,0
1071,13.370933902279706,0
1072,17.255415549184512,0
1073,3.258053089547881,0
1074,16.24827315247801,1
1075,17.067914670738833,0
1076,18.28680885332967,0
1077,5.305701781721048,0
1078,18.079061303797783,1
1079,6.413255094728645,0
1080,11.046760269110056,0
1081,1.0101494166456426,0
1082,0.8776217673748721,0
1083,14.407464254644058,0
1084,8.88959955955582,0
1085,5.125847507384352,0
1086,3.808269920498204,0
1087,13.399069817184362,1
1088,0.0080308805067974,0
1089,16.117823383937086,0
1090,1.5849921225985764,0
1091,3.829792298162389,0
1092,7.724727905981792,0
1093,9.697174794322072,1
1094,7.099902316278836,1
1095,6.414243299685878,0
1096,19.278320241463767,0
1097,12.831593624867883,0
1098,0.4686591073477641,0
1099,8.603518168886264,0
1100,17.500173994879404,0
1101,6.029123728213359,1
1102,1.8911268954877647,0
1103,15.167695431798355,0
1104,12.120276638721624,1
1105,11.406250156530078,0
1106,1.0715311921481585,0
1107,2.8099801959103465,0
1108,12.450987924262275,0
1109,4.156476829176716,1
1110,10.081401594968488,1
1111,10.89763372058787,1
1112,5.670143805418788,1
1113,18.968503110829857,0
1114,16.8492821367115,1
1115,14.44747015265597,1
1116,1.5598773281881817,0
1117,2.122600386180389,0
1118,9.855626917299114,0
1119,3.214266983819713,0
1120,19.56530927058948,0
1121,3.170404680548189,1
1122,9.74935670927948,1
1123,7.282421136830108,0
1124,12.78772842908196,0
1125,2.5807281777884983,1
1126,8.606328560847817,0
1127,5.494100656142873,0
1128,17.75503049343376,1
1129,0.8117142426939017,1
1130,18.274549880129182,1
1131,16.65988277106001,0
1132,5.951414328816309,0
1133,15.785813093542094,1
1134,0.6242712067749512,0
1135,19.33731100586787,1
1136,10.531898851795788,0
1137,6.065620521308905,0
1138,7.251664251893541,0
1139,1.3281070692099473,0
1140,19.786990280840783,1
1141,0.7858389030138491,0
1142,13.09814246295718,1
1143,8.854718554129166,1
1144,18.978324363774306,0
1145,4.919994806135904,1
1146,10.641736478760226,0
1147,9.64712417165506,1
1148,14.057328881002029,0
1149,1.3602046390484102,0
1150,3.875782600467097,0
1151,4.291296401856997,0
1152,14.763015096833794,1
1153,3.7827739265348015,0
1154,11.469835277819534,0
1155,4.304876410019074,0
1156,17.232499001679567,1
1157,18.84370908979277,0
1158,10.369859498844807,0
1159,7.046177684183565,0
1160,4.681155500349982,0
1161,0.9956200304608752,1
1162,5.370001523949908,1
1163,13.084715598906358,1
1164,10.672338626184215,0
1165,18.880825565618547,1
1166,7.925545249834012,0
1167,13.87726684656789,1
1168,9.786454949502428,0
1169,10.251524318484233,0
1170,5.35548629208235,0
1171,9.099015536839994,0
1172,9.415699940254145,0
1173,14.132850434978678,1
1174,18.81279998372228,0
1175,6.586425549650086,1
1176,0.8440093716259689,0
1177,9.925902510012794,0
1178,10.889226642983372,1
1179,3.368811022638305,0
1180,15.209292125521332,0
1181,19.698582168829837,1
1182,18.915494340169214,0
1183,3.942120776473044,0
1184,17.507264798015214,1
1185,14.089872728233694,0
1186,9.076931276138232,1
1187,10.812219886494582,0
1188,16.99200349964916,0
1189,9.602698792767464,0
1190,7.464147382102537,1
1191,9.864949860519715,0
1192,11.582596080700982,1
1193,3.781553075566977,0
1194,18.018154605339813,0
1195,13.483738976592276,1
1196,12.665378346749778,0
1197,1.9899245236127627,0
1198,12.083478763451836,0
1199,2.4192132447698467,0
1200,1.573953503907981,0
1201,10.546217912847863,0
1202,8.055710680929899,0
1203,11.776205403124465,0
1204,1.784443361144772,0
1205,8.619661256945168,0
1206,3.4957343009031594,1
1207,19.74200171848233,1
1208,11.223004248703488,0
1209,13.748737218817348,0
1210,6.508365613652156,1
1211,1.894778295586883,0
1212,19.517417255670733,0
1213,5.7251807076636645,0
1214,8.476163703471485,1
1215,12.9972784340515,0
1216,0.4939459537222257,1
1217,16.205182610345737,1
1218,10.731563800572406,0
1219,5.564343741376443,1
1220,1.232159705849385,0
1221,3.2499683094888288,0
1222,17.900677177068737,0
1223,13.72048447871782,0
1224,4.998034432737796,0
1225,1.3120152989005909,0
1226,13.812306247732726,0
1227,11.448154519355302,0
1228,8.090390489164701,0
1229,7.272228983801277,1
1230,4.336285518582166,0
1231,13.392225130750353,0
1232,19.41336055587741,0
1233,3.514304916736517,0
1234,11.942332400310068,0
1235,8.483701114919524,0
1236,8.933774434893298,0
1237,5.082945602556288,0
1238,16.50269751322838,1
1239,9.705112082944822,1
1240,10.86811704396528,0
1241,6.095218255946515,1
1242,3.636169313338995,0
1243,1.7182077640564095,0
1244,14.282382818498318,1
1245,3.924685633757112,0
1246,13.801507083775954,0
1247,7.807528920939077,0
1248,8.315496019793029,0
1249,9.383549921855431,0
1250,7.354170162550863,0
1251,2.0123995444518017,0
1252,6.192636200056915,0
1253,13.274687213878767,1
1254,13.31568802937742,0
1255,5.724486144799887,1
1256,9.20205253115376,0
1257,3.8689445602387496,1
1258,4.207441630596716,1
1259,0.4609417681321481,0
1260,17.934930998154893,0
1261,4.214133301498125,0
1262,4.550677538729266,1
1263,5.592028652902636,0
1264,2.54816143390858,0
1265,12.785257663627256,0
1266,1.5028590635517314,1
1267,2.6840485265270053,0
1268,12.895134531801858,0
1269,6.793212409628855,0
1270,14.158956534023782,1
1271,11.14849489340284,0
1272,5.120423461230262,0
1273,13.016559009786562,0
1274,2.325473605857613,0
1275,10.728207661600608,1
1276,8.742962100900693,0
1277,5.357471656348816,0
1278,12.080099954790002,1
1279,17.42667184680565,1
1280,19.97809399526153,0
1281,12.15525537486849,0
1282,8.094117486583404,1
1283,4.5041420043240326,0
1284,5.141921787902235,1
1285,9.589099562995314,1
1286,7.345554025614184,0
1287,18.276290452498884,1
1288,7.365909353114191,0
1289,7.468891822908709,0
1290,7.67069024867954,0
1291,16.732404207353163,1
1292,13.015766416938035,0
1293,12.283377006377854,0
1294,6.682860447677244,1
1295,16.35808353664879,0
1296,0.7672772271140227,0
1297,17.415943446762263,1
1298,10.254997995878592,1
1299,7.965004697268256,1
1300,9.943345614353714,1
1301,13.348310610676622,0
1302,0.2553085303579472,0
1303,17.431037129164956,0
1304,8.934790506227856,0
1305,6.859330394001564,0
1306,2.764911312681142,1
1307,8.789307487168843,0
1308,9.926455425687577,0
1309,8.072933889869557,0
1310,13.573201876537942,0
1311,8.41793057518452,0
1312,19.228351556931468,0
1313,11.985550356471837,0
1314,16.14955871303818,0
1315,2.187118062189577,1
1316,7.945825858918114,1
1317,6.736954028943054,0
1318,11.389647762731837,1
1319,17.222270401228513,0
1320,1.5667643552401334,0
1321,1.4514959608942155,0
1322,17.00635416315198,0
1323,4.257001720767148,1
1324,13.375065088996276,0
1325,10.857562647216104,1
1326,16.657871897744588,0
1327,2.5017781967280706,0
1328,2.595659314452225,1
1329,11.13636720556615,0
1330,18.92757306716742,0
1331,8.299955167415085,0
1332,6.538842005093899,0
1333,12.133786463957716,0
1334,18.608972010900622,0
1335,16.738556656892474,0
1336,19.9096722146644,0
1337,0.4513716640475418,0
1338,2.2571628942552446,0
1339,12.18935526733244,0
1340,16.411528786676996,0
1341,5.704886846135331,0
1342,4.784221760684375,0
1343,15.739515987624015,0
1344,1.1276370770646316,0
1345,7.387652951651702,0
1346,10.116184451846594,0
1347,11.206973487006469,0
1348,14.572303135855538,0
1349,7.096914468613164,0
1350,12.253686893492144,0
1351,11.707508455819127,0
1352,10.952322013074944,0
1353,12.809665862844245,0
1354,5.188983421361526,1
1355,1.6929750716925795,0
1356,2.3854334407948685,1
1357,4.491647653078021,1
1358,10.003958710455706,0
1359,16.808855010920404,0
1360,14.025866841767682,0
1361,15.780812084040942,0
1362,7.019512478521827,0
1363,8.093074832971004,1
1364,7.873637719812256,1
1365,3.8374636880900304,0
1366,1.2243331628714405,0
1367,11.818321856544536,0
1368,19.784333668411723,1
1369,3.3365940990052567,1
1370,0.9336963979854752,1
1371,15.59063363647866,0
1372,5.051720133694484,0
1373,16.59287610705857,0
1374,14.078733340690308,0
1375,18.91347074101609,1
1376,8.178544715133441,1
1377,13.239396789012684,0
1378,9.297095616265414,0
1379,12.61177394617087,0
1380,8.991978120154746,1
1381,3.7726449284814967,0
1382,10.157948320067618,0
1383,10.571684028748846,0
1384,16.21207696520322,0
1385,14.710414115871624,1
1386,13.275832478828882,0
1387,2.2677419110514507,0
1388,14.4123258132743,0
1389,10.006103127090295,0
1390,17.881990722123184,0
1391,18.39741868261085,0
1392,1.1031318120357092,0
1393,16.412831207089575,1
1394,0.7539478084534124,0
1395,7.343392513900453,0
1396,10.845999512421582,0
1397,2.962015972542549,0
1398,14.926276251381536,0
1399,0.1670940834427714,1
1400,3.3719809686807367,0
1401,11.615936597069512,0
1402,14.287751240745848,0
1403,18.332862053878323,0
1404,14.109933038692477,0
1405,13.43558540509732,0
1406,7.886822927013286,0
1407,0.0256885105360282,0
1408,2.403185174712439,0
1409,10.691090895120784,0
1410,13.502597716888394,0
1411,8.34896567792925,0
1412,14.613580230567804,0
1413,10.437245906643575,1
1414,1.4835239118862442,0
1415,3.8403250193589766,0
1416,16.799964464878858,0
1417,14.49825493248879,1
1418,17.8952397402499,1
1419,2.351144982418732,0
1420,19.80445069230148,0
1421,4.188134278998672,1
1422,0.2355975257328402,0
1423,19.94845878107108,0
1424,5.621477708902263,1
1425,13.360389050251198,0
1426,3.533646283526104,0
1427,11.604570643982834,1
1428,18.080699729091187,0
1429,6.403623348568772,0
1430,13.405079520887185,0
1431,3.75807177596833,0
1432,12.495907974374504,0
1433,6.729007036350203,0
1434,4.224165171759033,0
1435,6.263641014072703,1
1436,3.576821370155987,0
1437,18.03832215675765,1
1438,7.943737726342577,1
1439,4.905586099487347,0
1440,8.968156820318658,0
1441,6.410723336129911,1
1442,14.88838507626652,0
1443,19.424398237709887,0
1444,8.760673133952936,0
1445,17.220667999444807,1
1446,11.31726147119239,0
1447,3.1447133018846696,0
1448,13.812454841626831,0
1449,10.268689942516405,1
1450,13.01213046504207,0
1451,17.7937482514333,0
1452,8.808691413120922,0
1453,18.023552464347112,0
1454,15.013380285633096,0
1455,9.772098517559694,0
1456,12.064442713159274,0
1457,6.511622650380229,1
1458,19.671945994775484,0
1459,13.34702326100792,0
1460,0.8769370499325979,1
1461,6.532438114960176,0
1462,12.46628867518115,0
1463,1.126665555984796,1
1464,0.4776838263828553,0
1465,9.000484790556051,0
1466,6.6538035938534,0
1467,8.765972160663317,0
1468,5.253866197600104,0
1469,3.2943549388596183,1
1470,13.782867139606754,0
1471,10.29142232535601,0
1472,4.003084224987337,0
1473,6.391788525199966,1
1474,11.83615815326652,1
1475,1.444586965449557,0
1476,2.949060185323591,1
1477,1.4649120821478023,1
1478,16.246346654282377,0
1479,15.048184664240186,0
1480,15.06625863758514,0
1481,14.32650686952056,1
1482,13.387708473397383,1
1483,9.5398383075635,0
1484,12.8455632701423,0
1485,0.767231095759493,0
1486,12.429288453135692,1
1487,15.557554110737543,1
1488,10.007167207687804,0
1489,7.150266568544739,0
1490,5.548534696019583,0
1491,12.85604100324165,1
1492,13.856023972598177,0
1493,17.41935199725085,0
1494,6.846681649219814,1
1495,15.395446147711713,0
1496,11.22711648378676,1
1497,17.656729813561583,0
1498,10.556242165912415,0
1499,10.352596567959344,1
1500,11.557541628818182,0
1501,14.986307102848688,0
1502,19.293809576569217,0
1503,1.471267084315313,0
1504,1.0686920478203432,0
1505,18.75100674814677,1
1506,10.597512510364124,1
1507,12.298060291338722,1
1508,9.648472031894578,0
1509,1.8731490521494896,1
1510,15.36178756837333,1
1511,14.94449290177174,0
1512,6.23406642985624,0
1513,6.124784904568008,0
1514,16.75682761811037,1
1515,1.4471451548265324,0
1516,17.622102967131315,1
1517,5.1332337979182885,0
1518,11.859694955109878,1
1519,18.719883580035557,0
1520,13.56245003073293,0
1521,8.288596249340731,0
1522,13.790684178108304,0
1523,6.879592726327404,1
1524,5.545168326983722,1
1525,19.933665558693598,0
1526,15.015804623595754,0
1527,12.894399547636352,0
1528,7.105792864386375,0
1529,0.9832165831009632,0
1530,0.6211375207031122,1
1531,11.083625108975976,1
1532,15.240654420781022,0
1533,10.7475838088771,0
1534,16.81570143878229,0
1535,0.6685306618644327,0
1536,7.335041528518802,0
1537,4.741407823483561,0
1538,8.94545936314244,0
1539,1.4475278638824496,0
1540,19.08263283142145,0
1541,4.465108021387218,0
1542,18.44615550967169,0
1543,8.517863100733635,1
1544,19.71048266510436,1
1545,11.081167669204214,1
1546,18.616657283516147,0
1547,0.1069797738844569,0
1548,14.964776123618002,0
1549,18.061013062050307,0
1550,2.794411339579081,1
1551,1.9225170346430296,0
1552,8.491452143719112,0
1553,18.673578122658704,0
1554,10.847731203808774,0
1555,10.549129274434645,1
1556,2.8225223659864374,0
1557,0.0157902218643757,0
1558,16.202801814909225,0
1559,1.7514912597247645,1
1560,12.67699637470648,0
1561,18.29232909030383,0
1562,4.17303826316862,0
1563,13.305456724738216,1
1564,1.5739715341501892,0
1565,12.07510287675226,0
1566,3.278634419064055,1
1567,14.71907121030356,1
1568,6.024625895878164,0
1569,9.267820176092926,1
1570,11.988610840552434,0
1571,3.425468213324792,1
1572,14.832756372352415,0
1573,6.052806812736291,0
1574,13.24743719825507,1
1575,3.165661013987473,1
1576,13.762353184127004,0
1577,2.563761456209235,1
1578,8.507129925399672,0
1579,4.944121474777536,1
1580,14.96750498856365,0
1581,5.240700090137491,0
1582,17.634346127907925,0
1583,17.836404228132256,0
1584,3.928826304455717,0
1585,12.276918900154485,0
1586,1.7543528343992865,0
1587,7.830741992032584,1
1588,14.266434590025446,0
1589,13.188464936998326,0
1590,12.49401338813216,0
1591,5.650817273248872,0
1592,7.560498988688041,0
1593,2.058922894005724,0
1594,14.38045640867202,0
1595,10.077775935825471,0
1596,14.175312646913092,0
1597,4.978870495937455,0
1598,6.488764572701324,1
1599,6.684306745202293,0
1600,0.514848194944324,1
1601,6.82095745661247,0
1602,16.06609147036067,1
1603,17.94596991499477,0
1604,10.364366312718548,0
1605,9.110033904384403,1
1606,0.6164923739874051,0
1607,17.584086751707652,0
1608,0.2602042685174544,0
1609,18.89500160420424,1
1610,9.784324973761812,0
1611,6.838689871494532,0
1612,18.484368696853203,1
1613,0.4878198622019347,0
1614,11.628497897381742,1
1615,10.978650489986752,0
1616,4.3864080242276415,1
1617,8.577748627004212,0
1618,13.045280118875404,0
1619,14.54262393763855,0
1620,0.0143371741315956,0
1621,18.737068601820305,0
1622,3.290507447856248,0
1623,4.671608684447184,0
1624,5.269468913876965,0
1625,0.7564027310407062,0
1626,2.4610424718064983,0
1627,19.72699845888324,0
1628,6.304334747545721,0
1629,2.306021806780987,0
1630,2.1398252234924664,0
1631,14.389199353399436,1
1632,17.091373280652817,0
1633,5.139045990169397,0
1634,0.4181902467046994,0
1635,4.461800368907117,1
1636,1.130313815935147,0
1637,2.0678987326008302,1
1638,8.630162396952848,0
1639,4.598367417232652,1
1640,10.318917570508468,0
1641,5.069875065143807,0
1642,18.810746022058957,0
1643,18.11887935852529,1
1644,11.33612210020932,1
1645,7.088479839747723,0
1646,7.622937640694712,0
1647,8.237045662889939,0
1648,14.55158644269888,0
1649,9.03277991037676,0
1650,17.13459893011795,0
1651,18.88189571860729,1
1652,6.718923067578677,0
1653,11.213889627513602,0
1654,1.9011307366512888,0
1655,4.009380955327179,1
1656,8.269315334203203,1
1657,4.1240543180355775,0
1658,17.53120981577435,1
1659,3.165725121181961,1
1660,9.11321643106184,0
1661,12.113984809197513,0
1662,13.837278163216888,1
1663,7.661387394530134,0
1664,17.381981374494572,0
1665,11.36638302155851,0
1666,8.790155608951036,0
1667,1.3448126810407324,1
1668,9.2937893689033,0
1669,16.414716816314606,0
1670,12.29082036442631,1
1671,16.643249074582368,0
1672,9.880233411986111,0
1673,2.369234101889637,1
1674,0.2727969167176214,0
1675,6.064390934371824,0
1676,13.95980942995585,0
1677,15.805198078833875,0
1678,5.915056692406589,1
1679,9.91307841766494,0
1680,8.422378088681633,0
1681,8.210455687028556,0
1682,4.62697426400301,0
1683,2.7274221005891675,1
1684,3.9337711646242624,1
1685,1.106647743266922,1
1686,3.962614836471541,0
1687,0.1840179525075891,1
1688,12.545168012719564,0
1689,6.327508147753658,1
1690,19.46289422853817,1
1691,3.874341015525957,0
1692,6.916571406191878,0
1693,7.156823172830665,0
1694,0.1690299212492108,0
1695,16.78415906078918,1
1696,0.6398892028864944,0
1697,18.803596694584822,0
1698,17.841487021872414,0
1699,10.710438321719272,1
1700,10.871911498225842,0
1701,13.075558459123126,0
1702,7.7410002386977395,0
1703,12.94444566795711,0
1704,0.8953677737697374,0
1705,1.0809525469945314,1
1706,9.144608392390888,0
1707,10.9924460221207,0
1708,17.75635280671638,0
1709,2.093212678157925,0
1710,16.452958543877788,0
1711,4.200946745841392,0
1712,7.881672970200637,0
1713,6.332048696548258,0
1714,8.00310545730798,0
1715,3.009909961451711,1
1716,10.0714014880711,0
1717,16.032851796627344,1
1718,8.830680207577938,1
1719,9.812271517963982,0
1720,16.975351705626284,1
1721,14.121162292760616,0
1722,9.809088170395697,0
1723,5.153912963783593,0
1724,17.698534936899332,0
1725,11.540408033811168,0
1726,4.422952202213867,0
1727,5.382395052760208,0
1728,16.06266177872492,0
1729,0.8829112417491092,0
1730,19.8418437405764,0
1731,2.607033594295836,0
1732,15.921370507938748,0
1733,7.895506335433657,0
1734,9.844323665749338,0
1735,17.613011549291556,1
1736,8.258223791784264,1
1737,10.74987507346469,0
1738,0.9859932481833988,1
1739,0.046949477349063,0
1740,4.895997460034518,0
1741,13.611661858375346,1
1742,2.425297867182734,0
1743,2.2752391760909885,1
1744,8.219212160718065,0
1745,12.95674077216453,0
1746,14.24143984495861,0
1747,3.569013481967496,0
1748,1.591762947440849,0
1749,18.807940678910885,0
1750,5.213327651242034,1
1751,17.066929952174476,0
1752,17.269829009256366,0
1753,15.450451835250888,0
1754,3.3766721330514016,1
1755,16.436029185084006,0
1756,15.385011184831734,0
1757,11.934459802124342,1
1758,6.744040703379055,0
1759,5.250172085330882,0
1760,2.4377842416071798,1
1761,10.195141338017429,1
1762,11.705217510196931,0
1763,7.186779810315745,0
1764,9.507181353617373,1
1765,7.270289147385334,0
1766,12.820121146414024,1
1767,18.025184155931267,0
1768,3.278405240938897,0
1769,7.628176198062468,0
1770,2.8173720790172263,1
1771,12.49887540815664,1
1772,14.577410189771916,0
1773,18.63825465194912,1
1774,5.577438525219298,0
1775,19.004224117308603,0
1776,1.265253436413496,1
1777,12.060277267291765,1
1778,1.1426543868665997,1
1779,17.875483755238896,1
1780,10.596181141401082,0
1781,13.38696701525592,0
1782,16.63147851820905,1
1783,3.006212449679375,0
1784,0.7718312387626769,0
1785,17.577622918257042,0
1786,6.29866454917865,0
1787,2.5795781585433053,1
1788,9.36922474174173,0
1789,11.966121513920376,1
1790,0.6194120684502025,0
1791,5.497913165141755,0
1792,0.6559974855379203,0
1793,8.40670778390998,0
1794,17.902000581324884,0
1795,19.653048229871384,0
1796,12.740951070072551,0
1797,3.232753875691836,0
1798,18.11698779998612,0
1799,10.32495646400121,0
1800,3.074986242058362,0
1801,18.434533389033227,0
1802,15.14938101446206,1
1803,14.63410545446303,0
1804,14.183614075888094,1
1805,4.006796421928847,1
1806,4.220133834150522,0
1807,13.7658599685451,1
1808,4.394455002207938,0
1809,8.773433936060977,1
1810,15.640036511878828,1
1811,15.679050361956818,0
1812,9.065235450517193,0
1813,15.843798765504902,0
1814,16.772435923961137,0
1815,13.095515025685206,0
1816,4.568517046168403,0
1817,5.48023560771095,0
1818,6.296823108174707,0
1819,2.33608215467904,1
1820,5.463192407398902,1
1821,4.190384486250642,0
1822,9.106574996172045,0
1823,18.168750957445297,0
1824,2.0896063350791616,0
1825,14.405358478947912,1
1826,13.745660088262554,0
1827,1.9150839732671527,0
1828,18.451448098116,1
1829,11.369444043136392,1
1830,7.274510422713685,0
1831,15.130771669906132,0
1832,5.147309168032681,0
1833,13.870196740926408,0
1834,0.7942241514449444,1
1835,16.78816075218544,0
1836,8.96341694042637,0
1837,12.733858287158837,1
1838,4.424756396133674,1
1839,13.54147425316896,1
1840,15.444805517865532,0
1841,9.464263737687975,0
1842,12.354538481235886,0
1843,9.126518476447972,0
1844,17.88182738515691,0
1845,9.957383610286383,0
1846,16.83617418057638,0
1847,16.02704116540497,1
1848,8.21009642696713,0
1849,4.6016898371495,1
1850,8.121642651195419,0
1851,16.524347515504402,1
1852,4.552650716387847,0
1853,10.488726917154986,1
1854,16.12193495921495,0
1855,7.069549502567575,0
1856,12.844192740053948,1
1857,4.912631480976291,0
1858,2.1855889073631984,0
1859,15.887684501857128,1
1860,1.9793724681741365,1
1861,5.427627901591691,0
1862,17.1021884399488,0
1863,6.929385741573344,0
1864,19.46090699028322,0
1865,19.594686695477197,1
1866,5.365520409071134,0
1867,0.819564444997809,0
1868,14.101265684107585,1
1869,9.019730052966874,0
1870,2.0150568791915258,0
1871,14.150456379560856,0
1872,0.6234981822384245,0
1873,17.403933809844844,0
1874,2.7730505822660745,0
1875,2.5462375749345,0
1876,3.5134459593716905,0
1877,19.205327169841333,0
1878,13.86338720507692,0
1879,16.027430709272735,0
1880,7.95269971465506,0
1881,6.726254550099111,0
1882,4.689680135663399,0
1883,9.612960566248178,0
1884,11.03657467068337,0
1885,12.635496873055107,1
1886,5.14237007997389,0
1887,18.97308161805981,1
1888,3.395169964142717,1
1889,19.313063495328247,0
1890,0.2971224501500757,0
1891,9.622513836336912,1
1892,6.667356762331256,0
1893,8.982468278605015,1
1894,11.41329157961578,0
1895,8.71178316025418,0
1896,8.2969370060319,0
1897,14.65446830826613,0
1898,13.717525501729291,0
1899,16.665425640716958,0
1900,4.999179624789911,1
1901,12.190570195081271,1
1902,11.703895707857075,0
1903,7.394756217453775,1
1904,9.721150838053616,1
1905,6.275642866114575,1
1906,2.836887952339704,0
1907,4.276024213254656,1
1908,2.1102729280240218,0
1909,13.661391503802482,0
1910,13.21454786218303,1
1911,19.012127431597456,0
1912,14.593568272944824,0
1913,1.040916775122629,1
1914,17.684903478579084,0
1915,17.253503258914517,1
1916,8.866406415453973,1
1917,11.717261010558431,0
1918,19.521566649450374,0
1919,10.646087276963325,1
1920,18.1064365675218,0
1921,1.6607751562037287,1
1922,3.821037374173657,1
1923,8.815098868826357,0
1924,11.695136166746094,0
1925,16.324557037256003,1
1926,19.765242302863737,0
1927,7.777029929482328,0
1928,0.9483127228016984,1
1929,16.023430065906496,1
1930,12.087614381656165,0
1931,3.970857177364033,0
1932,9.896569132428404,0
1933,14.846204910674489,1
1934,15.408235741372875,1
1935,9.99236823997524,1
1936,6.104290602577183,0
1937,19.47485164076987,1
1938,13.267252219129857,1
1939,8.164750386925974,0
1940,5.609264484093048,0
1941,14.622059660071242,1
1942,4.843668911875354,0
1943,3.4341997794737638,0
1944,10.596677779241404,0
1945,5.799747852882837,0
1946,12.5781028984723,0
1947,2.3587734974846697,0
1948,13.098822091346433,1
1949,5.665930559954044,1
1950,0.0048586886902546,1
1951,2.5387211534835274,0
1952,18.67230755670188,1
1953,17.347092782307158,1
1954,4.672180640724736,0
1955,15.567438090909825,0
1956,12.171431863479484,0
1957,19.41809422899739,1
1958,7.472113190681182,0
1959,13.629212250343423,1
1960,1.2707144484783717,0
1961,7.924946936328119,0
1962,19.27635322376361,1
1963,10.779617489002412,0
1964,5.757590066696892,0
1965,2.405419262572137,1
1966,14.070566803630609,1
1967,12.897120868594536,0
1968,7.478774272075492,0
1969,19.018827037316687,0
1970,0.4440562597570063,1
1971,6.074477032636516,0
1972,18.421389725991627,0
1973,6.418708766388807,0
1974,5.045056677103408,1
1975,10.684408198624949,1
1976,16.476034998410757,1
1977,2.062935217567221,0
1978,18.860414192914725,1
1979,15.90145762362328,0
1980,3.625005111031039,0
1981,14.240159223963254,1
1982,7.6991744527511425,0
1983,8.045893561526373,0
1984,15.665801848777328,1
1985,19.255696159614644,0
1986,2.5331174569438786,0
1987,8.412604737576387,0
1988,9.61883216168607,0
1989,7.526236339099952,1
1990,7.2637824743245,0
1991,1.0453733512319308,1
1992,13.710772411252464,0
1993,8.724288342400907,0
1994,3.8958760528785352,0
1995,16.320670046041368,1
1996,16.051214963032557,0
1997,9.727832561777875,1
1998,5.96901322295521,0
1999,12.761854515929048,1
2000,5.763042715548061,1
2001,4.720158606474241,1
2002,14.610293080526532,1
2003,0.806504794419014,0
2004,1.8953694206918792,1
2005,0.1357634804717955,0
2006,3.058863729508523,0
2007,1.3798001742091892,0
2008,19.916047355598373,0
2009,5.776199399081792,0
2010,2.985360253384945,0
2011,4.819925159918359,0
2012,18.72251143080269,0
2013,10.403204460487911,0
2014,7.296361926157138,1
2015,17.467829158184387,1
2016,7.899805410980649,1
2017,6.700171399153916,0
2018,4.145650450994712,0
2019,7.555936478188229,1
2020,6.333687120338521,1
2021,13.54607918596282,1
2022,5.791654093414542,0
2023,11.543994928451228,0
2024,1.317843300639454,1
2025,3.8257831339302872,0
2026,8.148105432226975,0
2027,18.738985078173908,1
2028,7.545039714313908,1
2029,13.281482423996682,0
2030,5.101744448427963,0
2031,2.5406715194646345,1
2032,1.1707320016010023,0
2033,6.1082699708550265,1
2034,3.1532205359381598,1
2035,3.480208960322484,1
2036,15.215186167739,1
2037,0.3167614188974843,0
2038,11.156202514708689,0
2039,7.589227611869296,0
2040,10.130999998170944,0
2041,11.256604744292058,0
2042,6.267353889145564,0
2043,5.902177203685706,1
2044,14.668036986698114,0
2045,17.425539762423142,0
2046,3.8516326491705577,0
2047,1.952375210702979,0
2048,17.955916127840517,0
2049,6.9979092729479735,0
2050,11.026347813256285,0
2051,7.190862890400069,1
2052,2.5160467269210263,1
2053,11.78663289895456,1
2054,10.502817035392592,0
2055,4.059871183823944,0
2056,9.037380893045556,0
2057,15.938950080312916,0
2058,11.808522062157827,0
2059,1.938346541339897,0
2060,10.9604299445827,1
2061,14.054765985791738,0
2062,15.854068115615028,0
2063,12.582351572685337,0
2064,3.0531632908156747,0
2065,14.203465331803214,1
2066,13.546836921630328,0
2067,0.4885376588126644,0
2068,8.234953351804863,0
2069,6.659004939247466,0
2070,13.38824128507287,0
2071,4.322716246218414,1
2072,11.817438459485173,1
2073,18.26411923628345,1
2074,15.956047444172157,0
2075,18.42915472433061,0
2076,19.5701193386538,0
2077,0.2134025401232553,1
2078,12.454825527549552,1
2079,8.25678795517813,1
2080,17.197089806702436,0
2081,5.036294040182634,0
2082,19.62058978230152,0
2083,12.274159390874946,0
2084,15.87074804457662,0
2085,1.7119910564553664,0
2086,3.669157695177301,1
2087,15.168073460684065,0
2088,0.4397304407864721,0
2089,16.337559717875656,0
2090,0.278980373838229,0
2091,13.142376781225469,1
2092,7.301878404636117,0
2093,12.229897054383985,0
2094,13.920628139782274,1
2095,6.849504383726083,0
2096,2.159248962216711,0
2097,1.3929173549653129,1
2098,11.778720451250956,1
2099,10.41310707468223,0
2100,14.84402018242265,0
2101,10.194710200078742,0
2102,8.448915800617582,1
2103,7.9617435647246175,0
2104,0.5289380519533493,1
2105,6.711144033933143,1
2106,19.520403150489884,1
2107,17.471111524541776,0
2108,6.587561340684354,0
2109,11.755908101327444,0
2110,16.94593491070988,1
2111,8.825486735001373,0
2112,0.3591572750030192,0
2113,1.4902092363728014,0
2114,10.207854426974132,0
2115,19.388787513517567,0
2116,13.864190844377354,0
2117,1.4183238287713906,0
2118,3.787217515837256,0
2119,15.426462864337,0
2120,16.828795199124894,1
2121,12.353891723771817,1
2122,12.888463392596332,0
2123,0.5667490076676929,0
2124,16.57060519163017,1
2125,15.765504163416592,0
2126,5.180702882066943,0
2127,14.17353439931014,0
2128,4.297092128499962,0
2129,0.8066032210302598,0
2130,4.0227308518075455,1
2131,3.57257753508599,1
2132,6.754959934696945,0
2133,8.368989943509161,0
2134,10.170777829954158,0
2135,9.535077510166564,0
2136,5.413492119305787,0
2137,0.5834133714814893,0
2138,12.102032444743012,1
2139,7.914896596947088,0
2140,5.973443147750994,1
2141,17.338820856610248,0
2142,14.934866155963196,0
2143,17.155310967448845,0
2144,9.89965589424922,0
2145,2.618625042535549,1
2146,13.924428722425448,0
2147,4.121475598743505,0
2148,8.824593381834337,0
2149,1.30001577897777,0
2150,16.50616804845965,0
2151,2.518812820950012,0
2152,18.061950140986195,1
2153,17.284612045231142,1
2154,9.291655288784922,0
2155,14.887364086079812,0
2156,12.388901476363063,0
2157,16.061512846754898,0
2158,8.63610201571824,1
2159,15.716169684887,1
2160,9.24913634130296,0
2161,18.819315756855875,0
2162,9.727442016502952,1
2163,9.25238543867459,1
2164,15.701437231270257,0
2165,16.43155383521676,0
2166,11.089782286423414,0
2167,3.595956269901508,1
2168,9.35516461915159,0
2169,19.36145005819357,1
2170,15.059723860783702,0
2171,16.223252077582643,0
2172,0.6565099763848026,0
2173,9.3571892526832,1
2174,12.932422673151107,0
2175,16.600653672561492,1
2176,0.9854730716554294,0
2177,17.048777712837463,1
2178,10.968018734838234,1
2179,3.946279411521199,0
2180,6.345104328994,1
2181,5.638591035031215,0
2182,10.617180685769515,0
2183,1.0337135982226364,0
2184,3.1707231699984706,1
2185,16.253860867515648,1
2186,2.652079814936221,0
2187,4.667925389162539,1
2188,9.067412112083147,0
2189,10.34241776226661,1
2190,15.272209592283172,0
2191,8.946648533323756,0
2192,15.797292420710775,0
2193,12.366926140909149,0
2194,2.261994788476449,0
2195,3.126628767856772,0
2196,8.740674508995417,0
2197,7.937787861780792,1
2198,14.870885392745892,0
2199,11.614742795947038,1
2200,7.762661620044986,0
2201,3.4152056690077126,0
2202,4.536742046509903,0
2203,11.51002036938118,1
2204,8.46877609799585,1
2205,10.29855017721344,0
2206,3.4135487060446734,0
2207,13.258125046891315,0
2208,17.05077481711934,0
2209,5.158790135738012,1
2210,9.830284516636532,0
2211,19.51054658041804,0
2212,6.664834811014552,1
2213,11.900926898475223,1
2214,1.8039140040048876,0
2215,12.120300049588865,0
2216,1.7926354660923582,0
2217,19.18470870647644,0
2218,14.313253041446227,0
2219,15.763195762714128,1
2220,14.082087215432736,1
2221,11.794580721529314,0
2222,8.998255621710108,0
2223,17.167467595221247,0
2224,19.13671335086126,0
2225,9.980723458081629,0
2226,18.63070098310524,0
2227,11.66665819977035,0
2228,10.767683737928664,0
2229,9.089654659107133,0
2230,4.185755230602397,0
2231,0.0743932163611837,0
2232,4.830124537121225,0
2233,10.194463432071304,0
2234,7.599199045195051,0
2235,8.969704560052676,0
2236,19.61296439128099,1
2237,7.005447413386552,0
2238,9.043658787202158,0
2239,2.6703110270563912,0
2240,0.9591546487397528,0
2241,15.508190291849893,1
2242,11.413663501439572,1
2243,15.2140961208779,0
2244,2.9972559777310326,0
2245,11.43657542365382,0
2246,5.072849486827511,0
2247,4.561236338000398,0
2248,0.2305202810597051,0
2249,2.606814471381438,0
2250,6.185362229993907,0
2251,2.337575211818781,1
2252,19.71716880821875,0
2253,6.172652970479014,0
2254,2.6064789340465637,0
2255,3.981646256559155,0
2256,11.75406456682953,1
2257,1.2808704772957702,0
2258,17.248682602823138,1
2259,19.229993584742942,0
2260,4.934948413347618,1
2261,9.001905371817188,1
2262,0.4426890205899414,0
2263,12.81420449454443,0
2264,8.278521161051778,1
2265,5.401169322031114,0
2266,4.1367422123321695,0
2267,13.080461553175208,0
2268,8.32434062064629,0
2269,3.5931857805982403,0
2270,13.78218162973648,0
2271,11.301445660733872,0
2272,17.173441098589922,0
2273,2.349517977529858,1
2274,15.713332038889122,0
2275,13.47033573634518,1
2276,2.3002187365619564,1
2277,13.896414597434417,1
2278,8.830945777596607,1
2279,18.899695711116863,1
2280,2.8322270123579862,1
2281,12.85666781631476,0
2282,7.6396009092589185,0
2283,19.136293411817554,1
2284,6.59949790580553,0
2285,19.243718189836,1
2286,18.02971702201498,1
2287,5.407664706213127,0
2288,16.070835536528556,1
2289,19.91208403607012,0
2290,5.053260043425647,0
2291,8.735543386466393,0
2292,10.403614731335193,0
2293,5.898622716077286,0
2294,0.3052967929205952,0
2295,4.402584883950533,0
2296,5.638737686835169,1
2297,8.871994026363744,0
2298,3.4220495682680374,0
2299,17.465087133833453,0
2300,14.098222654626722,1
2301,1.7040095511932396,1
2302,13.001849022798629,0
2303,13.073129528112409,0
2304,19.124423472872557,1
2305,0.0604174271232249,0
2306,4.958648996116144,0
2307,18.55582958750631,0
2308,18.64267830796566,0
2309,14.411728387412747,1
2310,15.3152664209508,0
2311,1.8296591585929425,0
2312,10.277516695564673,0
2313,4.631659825779988,1
2314,3.624360872272345,1
2315,16.20606598246665,1
2316,2.7007627336109485,0
2317,9.373032739927703,0
2318,18.77156479172066,1
2319,3.716641111306851,0
2320,19.55986847476469,1
2321,19.88575971522118,0
2322,11.112343093648056,0
2323,3.4028548035431583,0
2324,6.322097758817913,1
2325,8.489856653530703,1
2326,6.186484487164458,0
2327,5.612711597530316,0
2328,19.44459418432715,1
2329,3.067296548314913,0
2330,14.666558174337244,1
2331,0.0082057887834974,0
2332,11.923653388047535,0
2333,18.31886007908105,0
2334,5.75868188186438,0
2335,3.710519505154384,0
2336,13.03359589756854,0
2337,14.252028145967865,0
2338,13.760610379039626,0
2339,6.386337600427481,0
2340,5.044048043186617,1
2341,19.11837599924088,0
2342,18.46599016539859,0
2343,9.146332197856406,0
2344,16.923877323087467,0
2345,9.04646955268592,1
2346,8.487780361450207,0
2347,3.135258951985893,1
2348,8.528121129839457,0
2349,10.74833877199614,0
2350,0.4500865485737293,0
2351,8.882260103508129,1
2352,15.627124367904006,1
2353,13.600921127485396,0
2354,12.7031397772787,1
2355,18.19110856874405,0
2356,0.3606401965046002,1
2357,11.140951723844683,0
2358,15.746976968194142,0
2359,10.826707654025345,0
2360,6.477911051607583,1
2361,2.725011301839557,1
2362,17.751261436323826,1
2363,9.41524784775206,1
2364,17.562303939714027,0
2365,11.717042448663369,1
2366,13.483842332300016,1
2367,16.085223087569002,0
2368,13.183110892002688,0
2369,7.961096813578754,0
2370,10.27266767857302,1
2371,16.060910493517596,1
2372,7.473005927459684,1
2373,7.762429135369942,1
2374,1.913802321160023,1
2375,18.291688704434957,1
2376,1.8207262989088344,1
2377,12.964183548971118,0
2378,8.263889576055954,0
2379,8.112387805108847,0
2380,13.59103673145368,1
2381,1.3418746525975744,0
2382,11.874115659028693,0
2383,15.440635719447096,0
2384,16.564255157731886,0
2385,3.410607787875506,0
2386,17.948381001563472,0
2387,13.122921836948844,0
2388,17.637096016413658,0
2389,9.705614342203964,0
2390,10.84066690194404,0
2391,18.38076554057342,0
2392,17.998190867093435,0
2393,8.96321746738004,0
2394,5.488252632713635,0
2395,7.863408691285283,1
2396,7.755286570594995,0
2397,5.73733749965588,0
2398,5.371592086659332,0
2399,17.22125872959439,0
2400,1.3972384136932336,0
2401,13.552223641991883,0
2402,3.456401029129046,0
2403,6.890117867881265,0
2404,1.2308606826967372,0
2405,5.399472737109241,1
2406,15.36842142234484,0
2407,17.700306490945174,1
2408,4.430543038047341,0
2409,9.270956785178438,0
2410,9.406480958744128,0
2411,17.471506115194686,1
2412,15.255981057516108,0
2413,10.261544367360996,0
2414,13.414944009435468,0
2415,16.947101078187337,0
2416,0.1907790805108988,1
2417,8.057800621000972,0
2418,18.144863345541573,0
2419,14.806260616879028,0
2420,10.856827486681492,0
2421,10.592890540702667,0
2422,6.955401952088756,0
2423,10.41041067283029,0
2424,13.107663989269064,1
2425,8.36726076857586,0
2426,14.28306292784348,1
2427,17.224644545207717,0
2428,3.093696963697224,0
2429,9.030940456348487,0
2430,8.160401825701623,1
2431,13.74929608099456,0
2432,4.997349305158587,0
2433,12.805018299045525,0
2434,17.54978483462976,1
2435,8.362631995872453,0
2436,18.2203139995844,0
2437,19.86327477866957,0
2438,2.121840998959041,1
2439,4.661063759697173,1
2440,19.007595029641863,0
2441,19.166553729627736,0
2442,1.95414550773517,1
2443,0.2999700075427336,1
2444,3.222000465128445,0
2445,19.92025566764497,1
2446,3.5999923322137373,0
2447,10.050952134440465,0
2448,16.96835452861022,1
2449,0.4080322137641268,0
2450,12.08977964516919,1
2451,5.540508977392486,0
2452,17.246698328794633,0
2453,5.669222985281584,1
2454,13.735114405638178,0
2455,13.48439264894794,0
2456,4.429870977192801,1
2457,0.6959839973670023,0
2458,8.184991475707946,0
2459,5.783863039317394,1
2460,16.179554992274173,0
2461,16.007283769106905,1
2462,9.14047904385251,1
2463,12.13024450646438,0
2464,12.085190319738505,0
2465,16.543162968552465,1
2466,8.50004828246395,0
2467,5.5089335958101815,0
2468,5.30069836281095,0
2469,10.723845585644083,0
2470,8.98296405464425,0
2471,8.802415419698724,1
2472,1.8227467817941445,1
2473,14.372074813803913,0
2474,4.274733759638214,0
2475,3.9390726041744273,0
2476,8.255166405547868,0
2477,4.555566832356028,1
2478,11.677165346160308,1
2479,7.42926678668943,1
2480,8.978234451855801,0
2481,10.743386432080577,0
2482,4.070710449636097,0
2483,3.115032457310596,0
2484,17.608438057472096,0
2485,8.674474056628421,1
2486,8.241872192650783,1
2487,0.7122430054568296,1
2488,9.959526051747863,1
2489,11.083394432220002,0
2490,11.17681741909333,0
2491,14.140623386457689,0
2492,3.549636699820236,0
2493,5.044462684612377,0
2494,16.214609304608253,1
2495,18.94341233686788,0
2496,2.7186549473464128,0
2497,9.952991090104364,0
2498,4.2835250547917365,0
2499,1.2014633670996488,0
2500,6.510066762522708,0
2501,2.873752503684255,0
2502,14.198661468684923,1
2503,10.674508273428888,0
2504,2.8766894198062176,0
2505,0.1848317681102873,0
2506,16.163140980484254,1
2507,3.5238881232849506,0
2508,12.12433284441532,1
2509,6.738438261534911,1
2510,11.709718766300712,1
2511,6.31307253964648,0
2512,1.7387912138450834,0
2513,4.459000171155072,0
2514,3.761171329581512,0
2515,8.560387048792876,0
2516,13.165675668523146,1
2517,5.276121498927151,1
2518,0.241398706012359,0
2519,10.378747285295136,0
2520,12.11518978717944,1
2521,19.257409880036192,0
2522,11.789416061864936,0
2523,9.423451187562836,0
2524,11.468032517954075,1
2525,18.55801259724054,0
2526,16.567562912032926,1
2527,6.45957466727616,0
2528,4.745087273142746,0
2529,5.252672247321472,0
2530,10.08842079430426,0
2531,14.880989024571557,0
2532,10.06438414365924,0
2533,1.3559279165622518,1
2534,14.471614008799618,0
2535,16.119402573419077,1
2536,5.789957302394393,1
2537,13.282514785667008,1
2538,8.531838021087868,1
2539,17.782387114548857,0
2540,16.904511163214796,0
2541,10.508639966192844,1
2542,13.83011091627189,1
2543,17.66699402044208,1
2544,9.91434020156551,0
2545,6.265014809776439,0
2546,15.073322758191626,0
2547,4.401325095693835,1
2548,7.770622960120841,0
2549,17.314544742135872,0
2550,14.4884468053863,0
2551,8.076220104949986,0
2552,4.294890048167148,0
2553,7.119367816644731,1
2554,5.68208298454866,1
2555,3.5217857588770785,0
2556,14.866658271313131,0
2557,5.041397737003431,1
2558,9.083349403355276,0
2559,7.717188936722181,1
2560,19.641547572712614,0
2561,7.82184488296441,0
2562,1.599649655935096,0
2563,1.7965150514416806,1
2564,11.815074427061296,0
2565,11.987271034765312,0
2566,8.3751798096531,0
2567,8.636873846240594,0
2568,1.0786516568174245,0
2569,10.330930207785244,0
2570,10.094789507607034,0
2571,2.9909863711388907,0
2572,2.076787722218552,0
2573,2.47144981198981,0
2574,2.0205649298251704,0
2575,12.194163910735195,0
2576,3.929653048058373,0
2577,5.0286030437492695,0
2578,3.4714428830287947,0
2579,19.15670608897006,0
2580,17.09234926303671,0
2581,4.609896747030417,0
2582,6.55132587844252,0
2583,4.197856846099944,1
2584,9.837519189216476,1
2585,0.3922106494850719,0
2586,13.427360177935912,0
2587,10.463162996352832,1
2588,17.972778566022065,1
2589,3.287853686568283,0
2590,16.082184921222634,0
2591,15.839220289334314,0
2592,2.5436237843377385,0
2593,7.971184482882552,0
2594,3.403052822890338,0
2595,5.0944100091509785,1
2596,5.264923496610887,0
2597,11.124727880515454,0
2598,8.22821863520931,0
2599,18.954656080126107,0
2600,2.527402838940102,0
2601,19.47384269700397,0
2602,4.612772804285279,0
2603,15.457478727637062,0
2604,6.779398523456428,1
2605,2.861627908346278,0
2606,17.1577837049248,0
2607,6.177217984729264,0
2608,13.177108084536844,0
2609,11.328873701732531,0
2610,9.435126187817486,0
2611,9.91638945297078,0
2612,14.644758281845752,0
2613,1.7554582824688114,1
2614,13.363613239158102,0
2615,17.916242027971574,0
2616,1.155763940397283,0
2617,2.813066784673335,1
2618,14.332638734040628,0
2619,8.745632964892351,0
2620,8.070972416273767,1
2621,2.739332690884717,0
2622,10.135400814355762,0
2623,2.530906223927545,0
2624,9.532409126210808,1
2625,15.272305979233137,1
2626,5.16528715774327,1
2627,9.615723363594546,1
2628,19.840319387936717,1
2629,13.733008467080746,0
2630,16.827135426103972,1
2631,8.296952131210915,0
2632,15.357218462517109,0
2633,0.8101834588264367,0
2634,2.4582236508449,0
2635,4.061411858401243,1
2636,8.03903849230439,0
2637,16.914897566515265,0
2638,6.92532101575861,0
2639,13.092423870309258,1
2640,14.186285896069668,0
2641,11.723647081766828,0
2642,7.144839363402724,0
2643,11.541066834270886,0
2644,6.845311855794924,0
2645,1.6774747710402416,0
2646,19.85607956372029,1
2647,2.543649072650218,0
2648,1.446967676721147,0
2649,17.57061498414312,0
2650,6.036693217857902,0
2651,13.005939481470152,0
2652,6.580114593244657,0
2653,7.829085415889423,0
2654,5.24225944033593,1
2655,6.860880115860204,0
2656,8.214008011730861,0
2657,14.408321381846855,0
2658,10.230723884695836,0
2659,18.87130434313954,0
2660,0.8376078767755102,0
2661,10.061366452640565,1
2662,11.684495776634362,0
2663,18.40393972148548,0
2664,0.9831704724285516,1
2665,11.46999169870432,0
2666,17.07259857055914,1
2667,4.838554562384731,0
2668,17.52584697047875,0
2669,0.3808681854858364,0
2670,14.649092582674594,1
2671,18.66226442337306,1
2672,13.143953232801245,0
2673,8.78058487960896,0
2674,0.8976203294543605,0
2675,18.40227626645257,0
2676,9.405924453831496,0
2677,0.5799348867189602,0
2678,13.796421426575238,0
2679,9.636745071525164,0
2680,2.4869063488482146,0
2681,4.285436186205192,1
2682,1.2898136091169254,1
2683,11.485870794171472,0
2684,12.440589585040184,1
2685,10.114845967108888,0
2686,16.3420426600523,1
2687,17.220176426160272,0
2688,12.312487933662531,0
2689,0.2551295941486109,1
2690,13.904593114954713,0
2691,8.359984338407031,1
2692,11.31114966452774,1
2693,12.981612040377687,1
2694,7.004732286541535,0
2695,18.341970103435884,0
2696,2.679497334995624,0
2697,13.430236145620748,1
2698,0.0871915991316085,0
2699,18.493022108103617,0
2700,2.25008266476183,0
2701,1.8976846029514929,0
2702,6.660152661044885,0
2703,7.471325720781612,0
2704,4.286001446457572,1
2705,11.702433218542494,0
2706,8.858281960839271,1
2707,0.6835117808217483,0
2708,6.393041245106012,0
2709,16.20865827146341,0
2710,13.794030697237371,0
2711,14.49741707159761,0
2712,13.962338481670471,1
2713,6.219460427660666,0
2714,1.9932784415355176,0
2715,5.44934368066192,0
2716,16.635706003703184,1
2717,19.609415955661422,0
2718,9.876940294831227,0
2719,0.1940070984608444,0
2720,2.8008962426845807,1
2721,6.441611506325316,0
2722,11.571706971858994,0
2723,1.5018729161062794,0
2724,18.867145974197637,1
2725,7.3016734656880145,0
2726,18.251684358496465,1
2727,15.610436055140436,0
2728,15.108745450311623,0
2729,12.13439159564464,0
2730,12.535676341036892,1
2731,12.760064704324964,0
2732,12.57442774051164,1
2733,11.074564627967224,0
2734,19.728280369657774,1
2735,14.645811348513922,0
2736,15.538927767850424,0
2737,17.449256301673483,0
2738,4.312795254516983,0
2739,1.6760831819012156,0
2740,9.657888731971973,0
2741,10.281613912385463,0
2742,16.583635598998356,0
2743,8.875671585646714,0
2744,11.417060510886255,0
2745,10.541418770269166,0
2746,0.7640556751478211,0
2747,12.30429793193828,0
2748,16.560865715485043,0
2749,3.1500109615160765,1
2750,11.886634678531916,1
2751,11.872210888928286,0
2752,3.283699281127175,0
2753,2.4692714746147204,0
2754,19.60103885952969,0
2755,7.874383393060751,0
2756,4.548434574470585,0
2757,3.426490889087499,0
2758,13.3520342716647,0
2759,12.188905946545576,0
2760,12.871042459748349,0
2761,1.7601205502290451,0
2762,17.87069166996874,0
2763,7.785327936180966,0
2764,6.267388128607159,1
2765,9.247228944954784,1
2766,7.801321314952565,0
2767,17.27154006278292,0
2768,18.58521950395784,0
2769,6.069064328992124,0
2770,17.278716149199095,0
2771,15.630462590661342,0
2772,18.61615344689524,0
2773,4.915006243717757,0
2774,11.539183002419582,1
2775,5.490891694808893,1
2776,16.481889809687484,0
2777,0.1064838114212851,0
2778,11.29638325772792,0
2779,6.78406862543836,1
2780,6.453674141556405,1
2781,12.89812647729834,1
2782,17.02968898627988,0
2783,12.183907827866523,1
2784,17.06345957293445,0
2785,5.291942237620599,1
2786,10.390037095299622,1
2787,9.01073078134152,0
2788,0.2328979900619243,0
2789,11.136242862814802,1
2790,13.230486482923498,0
2791,11.8382880883814,0
2792,14.72559797566843,0
2793,11.42679056906154,0
2794,1.3350050970151384,0
2795,2.3289104816942285,0
2796,11.929491550879048,0
2797,5.499583839472804,0
2798,1.5929025806953168,0
2799,8.592054868970935,0
2800,11.086451961673108,0
2801,6.574919766992132,0
2802,14.40867404451556,0
2803,12.875412162024894,1
2804,6.656367221833439,0
2805,15.097450578171212,1
2806,12.973900850660709,0
2807,12.74890757435804,1
2808,11.06855401574136,0
2809,0.2277933617710559,0
2810,13.930143669537784,0
2811,7.5208358221831295,0
2812,18.852194203173116,0
2813,16.359695421544107,0
2814,11.753889390626243,0
2815,5.043639636385389,1
2816,4.074347865553332,0
2817,6.807696753550983,0
2818,9.531358871600371,0
2819,5.921310200778942,0
2820,10.298589907849657,1
2821,3.3074085102637185,1
2822,19.55425625651,1
2823,2.1584910992998774,1
2824,18.63888279308744,0
2825,18.271560228053897,0
2826,10.50720963638996,0
2827,14.498205436721689,1
2828,8.720965959451757,1
2829,12.600691550848763,0
2830,6.811518748422374,0
2831,6.023180395708907,1
2832,11.564595723390276,0
2833,9.962593483679608,1
2834,11.59072738299962,0
2835,5.733211625740459,0
2836,7.339156636339905,0
2837,1.677959212578186,0
2838,1.0455274454441144,0
2839,5.069142593460326,0
2840,1.4849371866109151,1
2841,2.075494172694814,0
2842,16.25856810787874,1
2843,0.777473940333786,0
2844,13.178855878694854,1
2845,5.45115497630801,0
2846,17.430913614162527,0
2847,9.69984569154999,0
2848,6.111529186556515,0
2849,10.352778713788693,1
2850,7.639160380905377,0
2851,11.286021293396605,0
2852,2.2906573665269647,1
2853,19.939810056251023,0
2854,8.511117553934351,1
2855,6.964612794147373,0
2856,14.204196966325298,1
2857,7.27798812990665,0
2858,16.66548610057515,1
2859,9.085414487208505,0
2860,14.391168265308698,0
2861,2.149064328837731,0
2862,16.922383711102235,0
2863,14.714359735562198,0
2864,4.234335569239313,0
2865,2.905720194915733,0
2866,6.325846974512488,1
2867,19.521411720638085,0
2868,5.136631491341173,1
2869,9.122544178932666,0
2870,0.6004045143467263,0
2871,7.944550591324651,1
2872,11.426400308662055,1
2873,19.062492250159305,0
2874,10.334720898801288,0
2875,16.382146523553757,0
2876,10.94255285137801,0
2877,0.815700268710362,0
2878,6.300165503795481,0
2879,11.510990156622064,0
2880,19.011879318622487,0
2881,17.182607195024666,1
2882,4.567112283576953,1
2883,4.40219660038327,0
2884,4.023459342278015,0
2885,18.449977926050064,0
2886,17.053323062034412,1
2887,15.497668645058976,0
2888,7.854702284484551,0
2889,10.087614085975336,0
2890,9.286634895903056,0
2891,5.067962151187453,0
2892,10.10056092297534,1
2893,0.6099309570550893,0
2894,2.6362074699491838,0
2895,17.73179192337893,0
2896,15.033595340628466,0
2897,8.457368181181742,0
2898,10.343007245677544,0
2899,7.399977719199549,0
2900,14.81559734321345,1
2901,15.683743584641592,1
2902,15.265703804063184,0
2903,14.452234496688993,1
2904,4.090086773855917,1
2905,6.759399584809575,0
2906,9.3969086996735,0
2907,6.615859828553113,0
2908,15.09880400316658,0
2909,6.587070484999094,1
2910,2.764641735706743,0
2911,7.980809040966081,0
2912,19.598288655647607,0
2913,4.517628258671518,0
2914,12.24317317886458,0
2915,8.659460996794126,0
2916,1.4204913529865326,0
2917,9.75753211996119,1
2918,14.043286572966249,1
2919,10.264399516556376,1
2920,17.442121274931623,1
2921,5.778740333151653,1
2922,1.7249834260792984,0
2923,18.73131223316012,0
2924,7.56392699056438,0
2925,11.528111029072669,0
2926,15.84006252260392,0
2927,6.486273277511612,1
2928,14.323290763552222,0
2929,2.7083769963565607,0
2930,5.825874944110105,0
2931,2.894212722730398,0
2932,16.224611168027156,1
2933,4.452984704535707,0
2934,14.348071108104206,0
2935,18.86596794491305,0
2936,10.55544418137754,1
2937,10.800583845213756,0
2938,9.22067136195624,0
2939,6.517802867872855,1
2940,9.513100618498342,0
2941,12.056150645335189,0
2942,19.719831443413188,0
2943,18.755291186364484,1
2944,17.243059165862434,0
2945,17.782610714097167,0
2946,9.35698366584086,0
2947,13.148886543549295,0
2948,17.901334458724282,0
2949,7.859015299827061,0
2950,19.23524956690937,0
2951,8.31572124138366,0
2952,12.021653307864312,0
2953,14.19609426544744,0
2954,19.011840261518767,0
2955,4.8923254810453205,0
2956,14.922619564772845,0
2957,10.416311722881645,1
2958,5.371142812412821,0
2959,15.532136795927812,0
2960,11.04444560347693,0
2961,13.219476412993515,0
2962,6.45802137155802,1
2963,9.6254790365521,0
2964,12.34708501976134,0
2965,8.09821628539688,0
2966,3.967450796954026,0
2967,19.23280984630608,0
2968,10.229350800852348,0
2969,14.67840740575401,1
2970,8.220943871121163,1
2971,7.102635280514327,0
2972,8.1432859693425,0
2973,8.183932875712996,1
2974,10.883602318839072,0
2975,10.869397399627264,0
2976,9.943076317657432,1
2977,2.695715698348762,0
2978,9.921509570010622,0
2979,3.3820780084130297,0
2980,2.5227157259153032,0
2981,18.652914346823355,1
2982,12.099000262954084,0
2983,13.189801162491683,1
2984,8.035873406667275,0
2985,18.179617838297283,0
2986,12.75860979159331,0
2987,15.38339739047175,0
2988,7.371249380554277,0
2989,19.20023761638251,0
2990,16.4092258031663,1
2991,17.078969260290872,1
2992,3.443885348515085,0
2993,5.41926415742439,0
2994,5.712531993671542,1
2995,5.418184464937424,0
2996,17.10816324208576,0
2997,0.6376959041718422,1
2998,1.521999779615486,0
2999,5.478297412598074,0
3000,3.997459492988873,0
3001,4.637192277656967,0
3002,15.958863785066,0
3003,11.26253187784094,0
3004,0.1154132258593598,1
3005,8.586455314083905,0
3006,8.157698537007178,0
3007,2.2789053888908706,0
3008,13.522835772029143,1
3009,14.04194376758982,1
3010,14.417864381041952,1
3011,14.56941891117184,0
3012,0.001056538645936,1
3013,19.078416076934445,0
3014,16.28417534109326,0
3015,18.079633931785708,0
3016,0.3128659061486827,0
3017,18.677175915714788,1
3018,16.195770573762093,0
3019,16.74438285917397,0
3020,1.8657476944393705,0
3021,14.775560578371952,0
3022,19.19833379284182,0
3023,13.570946828363212,0
3024,11.411228092492127,0
3025,18.91259355497994,0
3026,8.85874243468872,1
3027,11.985871326209574,1
3028,9.526765869887324,1
3029,18.656924427205983,1
3030,1.5216945353101452,0
3031,10.022394016506963,1
3032,13.739048827708766,0
3033,15.83813076844474,1
3034,11.660372948882728,0
3035,18.17835488242908,1
3036,18.839828937677435,0
3037,1.2863844638716704,0
3038,8.047410790827488,0
3039,0.4691804344230887,0
3040,6.588333147488859,1
3041,10.737364359412044,0
3042,18.215898610198977,0
3043,16.931086449308058,1
3044,2.5499945334397145,0
3045,1.860607494817914,0
3046,11.78534677513334,0
3047,10.642359449175654,0
3048,5.327552828600477,1
3049,17.989061691076703,1
3050,18.54732818923107,1
3051,8.052228766803253,0
3052,17.806051142270405,0
3053,7.678977885259453,0
3054,14.736336636594004,1
3055,9.518844350954485,0
3056,2.45166313014366,0
3057,18.55868402474043,0
3058,9.081931867550733,0
3059,14.689740806448071,1
3060,7.343476288625843,0
3061,0.3776175715246932,0
3062,2.010607173836718,0
3063,9.924389589798489,1
3064,13.799287142527248,0
3065,6.694706531585581,0
3066,13.909769183553006,0
3067,13.97271178863912,0
3068,14.078718146556618,1
3069,9.850437080410169,0
3070,18.29772300243008,1
3071,9.783930359612311,0
3072,9.005303869932764,1
3073,3.98761638021254,1
3074,6.15310174712673,0
3075,0.8466898503660669,0
3076,12.670705872323405,0
3077,4.970714878541857,0
3078,6.083105089709302,0
3079,15.416290433286424,0
3080,6.544423663229077,1
3081,4.843917840262844,0
3082,3.381154982674115,1
3083,15.497168043639116,0
3084,2.5941251598005377,0
3085,9.07507520500707,1
3086,10.138602321543887,0
3087,13.747798253714292,0
3088,12.665669646659907,1
3089,16.214413458903497,1
3090,0.895028678524763,0
3091,5.928814495587944,0
3092,5.6026823755075945,0
3093,2.9203381118421645,0
3094,5.783565077128863,0
3095,6.195306282858068,0
3096,10.437689238549568,0
3097,13.27408957852512,1
3098,7.622010272236281,1
3099,14.389404626267623,0
3100,6.7233067715916,0
3101,5.805673546295207,0
3102,10.823761117140489,0
3103,0.4743272061158121,0
3104,1.5957824726800074,0
3105,8.359390871730541,0
3106,18.85825422783513,1
3107,14.430235596868473,1
3108,1.762531390011155,1
3109,16.926360255617475,0
3110,14.64601541216362,0
3111,12.218930514053064,0
3112,16.405859212183547,1
3113,8.082196954859143,0
3114,4.430021017077054,0
3115,10.240467782175187,0
3116,10.976835111869477,0
3117,10.766527440198242,0
3118,11.301475829602106,0
3119,18.97409836478361,0
3120,18.04491246192463,0
3121,17.514340731178788,0
3122,16.028336218172544,0
3123,18.868562145305702,1
3124,1.969892833588065,0
3125,5.30246522891479,0
3126,9.901118913091697,0
3127,16.930689862468103,1
3128,10.10331423045465,0
3129,14.960694786831771,0
3130,2.7791981049783243,0
3131,5.048276259531203,0
3132,14.635521900753448,0
3133,3.294680177754481,0
3134,7.027118693098535,1
3135,5.2973251562714285,1
3136,6.997233884449569,1
3137,14.166480981559406,0
3138,7.35694362285602,1
3139,11.105266452158803,0
3140,1.998637541088193,0
3141,16.100353864692558,1
3142,7.397772512962497,0
3143,12.97068318066685,0
3144,14.507792033236653,0
3145,4.193218442234008,0
3146,17.693499699066997,1
3147,12.32448503213906,0
3148,8.57450283502963,0
3149,3.646703671564391,0
3150,18.846018758024133,1
3151,15.101364082632502,0
3152,4.1604912546649775,0
3153,6.75421549448449,1
3154,16.193485161761465,0
3155,13.91355326430678,0
3156,15.315685854314488,1
3157,8.824022044258648,0
3158,14.329525252843338,1
3159,7.729874457278274,0
3160,4.225258338763929,1
3161,12.6535406968272,1
3162,19.520278511975885,0
3163,6.212019427906592,0
3164,9.219391844250794,1
3165,13.480027421397072,0
3166,10.830125642449758,0
3167,16.868555914180984,0
3168,15.234854129390316,1
3169,1.1659440772471408,1
3170,19.96842467847548,0
3171,15.048049074389343,0
3172,17.278066325882264,1
3173,13.023954241906928,1
3174,17.125702560935245,0
3175,2.247659498574188,1
3176,6.954756711186311,1
3177,17.528418872089855,0
3178,4.033104225337844,1
3179,1.564841971600455,0
3180,15.76237879890438,0
3181,16.709723112865923,0
3182,3.253044363798012,1
3183,17.08691965565431,1
3184,13.735355911943392,0
3185,10.40165366433168,0
3186,16.6050038556277,0
3187,8.384984986379315,1
3188,3.879879124467944,1
3189,5.697053532212273,0
3190,10.103280365866295,0
3191,10.626615853463514,0
3192,16.111616528824673,0
3193,15.827054473046688,0
3194,11.627331144091498,1
3195,15.615709667309527,0
3196,3.83546916587342,0
3197,1.0012905418658868,0
3198,17.472676452694003,0
3199,1.5110898752553914,0
3200,4.933768594879946,0
3201,13.906378992487692,0
3202,8.188958752546183,1
3203,17.526279398310177,0
3204,5.959595893245391,1
3205,0.2374269333871859,0
3206,6.013112811214882,0
3207,11.561500983696632,0
3208,7.518767508065867,1
3209,10.697455115175105,0
3210,17.531962376700374,0
3211,18.24970108460737,1
3212,5.319481293082243,0
3213,9.242809465398016,1
3214,10.982880304829024,0
3215,18.982249137764946,0
3216,19.972346383287693,0
3217,4.708144976830533,1
3218,14.539597426916307,0
3219,7.560621244663903,0
3220,0.1621639377242645,0
3221,0.1850504487180471,0
3222,9.211320151245117,1
3223,9.766698260086692,0
3224,0.4513939314688531,0
3225,13.73854833548605,0
3226,5.880067771899062,0
3227,11.197862030718987,0
3228,6.018381463308375,0
3229,3.342686297386144,1
3230,8.143474771977505,1
3231,4.645467295810015,0
3232,10.69601953838336,1
3233,3.976570605729599,0
3234,10.168119532892542,0
3235,3.147570297377351,0
3236,13.4194941897157,0
3237,15.07875368882848,0
3238,2.2078846849986755,1
3239,9.356048240746784,1
3240,1.4174340130974716,0
3241,11.963648910840048,0
3242,5.288085958592907,1
3243,10.552489136774156,0
3244,10.349220187685823,0
3245,18.487086923876006,0
3246,10.981664451374458,0
3247,11.659969594366313,0
3248,8.033062515287606,1
3249,18.981592063656336,1
3250,15.543718188792193,0
3251,5.708105806056832,1
3252,16.88419171552464,0
3253,8.6479272037018,0
3254,16.57334287067188,1
3255,16.45776136587004,0
3256,3.777403735257088,0
3257,14.022822627671538,0
3258,5.812859386130622,1
3259,5.949853399853364,1
3260,5.926961537611614,1
3261,14.511364951198964,0
3262,4.596520835850722,1
3263,0.0181167049218045,0
3264,14.304737069652662,1
3265,3.423694876702505,0
3266,2.089647906156693,0
3267,4.750322411881203,0
3268,7.598010446454079,1
3269,9.518126549464014,1
3270,0.8914008142526164,0
3271,19.411466652547208,0
3272,14.321261068391165,1
3273,6.463881306486723,0
3274,6.373945145707946,1
3275,8.970850987369188,1
3276,12.52489645526066,0
3277,2.927461331779355,0
3278,3.7785962752990474,0
3279,17.18869165667102,0
3280,5.125098477781451,0
3281,7.603899959503551,1
3282,17.42543701900234,0
3283,13.26295658799645,0
3284,6.834237586833767,0
3285,13.673990914492416,0
3286,0.3936643076282742,1
3287,14.712853200227304,0
3288,9.74032081032479,0
3289,16.263642945689224,1
3290,19.092753040129367,0
3291,18.515770989891365,0
3292,18.18530086910681,0
3293,10.243399118677743,1
3294,7.202842282778761,0
3295,9.300706494613456,1
3296,13.797920066267215,1
3297,17.679955537423734,0
3298,4.139726060002391,0
3299,18.36386316923406,0
3300,16.303604639397783,0
3301,19.57712030356469,1
3302,17.605035465633744,0
3303,5.598746593838133,0
3304,2.119118226880954,1
3305,2.2448214398317723,0
3306,5.8244663715655225,0
3307,12.283674479690784,0
3308,16.086406521943452,0
3309,17.985006139631295,1
3310,12.475067687384657,0
3311,0.1126262549610745,0
3312,3.7263355303706702,0
3313,1.994524077067359,0
3314,7.2664895113802,0
3315,10.027019872674918,0
3316,0.8679435715712169,1
3317,6.969559515913106,1
3318,3.583593492506452,0
3319,12.94140332517748,0
3320,9.2854473864868,0
3321,9.906352938678175,0
3322,8.553835760669221,0
3323,19.12039420973134,0
3324,4.294702502431265,0
3325,10.333285196877489,0
3326,14.72034736730672,1
3327,11.13688826269125,0
3328,18.580417714336026,1
3329,7.559367112825683,0
3330,9.27351611546356,0
3331,1.7704463042945684,1
3332,12.17998222103857,0
3333,5.764239368962121,1
3334,3.206180790311377,0
3335,10.89062585809016,0
3336,10.646205267598212,0
3337,1.517432824480951,0
3338,13.964309069889456,1
3339,12.475443813017058,1
3340,3.780345654929944,1
3341,9.388697243080877,0
3342,14.4064583295712,0
3343,10.58871481082553,0
3344,7.909781523671404,0
3345,6.446769161618873,1
3346,12.207877332881072,0
3347,18.78217396620481,0
3348,13.434896809549668,0
3349,1.49491807272631,1
3350,9.213699469642677,1
3351,17.81648263021255,0
3352,1.8892485160217376,0
3353,19.77751424275087,0
3354,18.981387872908428,0
3355,1.5654896145975172,1
3356,18.668266408991094,0
3357,7.262651805189244,0
3358,16.89418334151725,0
3359,8.36766675426543,0
3360,8.817102254050317,1
3361,12.684861819550852,0
3362,15.489548385519669,0
3363,0.6757830189649727,1
3364,11.863119910542686,0
3365,3.73465988194742,1
3366,6.918990357264059,0
3367,6.95937332310433,0
3368,9.381206804423073,0
3369,6.682728237523468,0
3370,2.147222369013355,0
3371,2.912574770509029,0
3372,0.6687597112219534,0
3373,9.404981706575086,0
3374,19.08895389705977,0
3375,2.313504472962331,1
3376,18.92528986006164,0
3377,14.667230294641872,0
3378,12.749976058683265,1
3379,12.905555106471258,0
3380,16.53455296792564,0
3381,2.1383972875964274,0
3382,10.095086471310834,0
3383,13.941822765215171,0
3384,11.736408901471274,1
3385,16.655581420465893,1
3386,1.44543418022703,0
3387,13.81402078998332,0
3388,10.680554607694354,0
3389,7.583217279598868,1
3390,6.8054996446806175,0
3391,12.416652655483858,0
3392,17.819907492885296,0
